id,title,url,source,groundTruth,originalID,Dataset,publisherID
BuzzfeedNews1,Another Terrorist Attack in NYC…Why Are we STILL Being Politically Correct – Eagle Rising,http://eaglerising.com/36942/another-terrorist-attack-in-nyc-why-are-we-still-being-politically-correct/,http://eaglerising.com,0,BuzzFeed_Real_1,Data1,Publisher12
BuzzfeedNews2,"Donald Trump: Drugs a 'Very, Very Big Factor' in Charlotte Protests",http://abcn.ws/2d4lNn9,http://abcn.ws,0,BuzzFeed_Real_10,Data1,Publisher2
BuzzfeedNews3,"Obama To UN: ‘Giving Up Liberty, Enhances Security In America…’ [VIDEO]",http://rightwingnews.com/barack-obama/obama-un-giving-liberty-enhances-security-america/,http://rightwingnews.com,0,BuzzFeed_Real_11,Data1,Publisher21
BuzzfeedNews4,Trump vs. Clinton: A Fundamental Clash over How the Economy Works,http://politi.co/2de2qs0,http://politi.co,0,BuzzFeed_Real_12,Data1,Publisher19
BuzzfeedNews5,"President Obama Vetoes 9/11 Victims Bill, Setting Up Showdown With Congress",http://abcn.ws/2dh2NFs,http://abcn.ws,0,BuzzFeed_Real_13,Data1,Publisher2
BuzzfeedNews6,"CHAOS! NC Protest MOB Ambushes Female Truck Driver, Loots Truck, Sets Cargo On Fire – No One Helps!? [VIDEO]",http://rightwingnews.com/black-lives-matter/chaos-nc-protest-mob-ambushes-female-truck-driver-loots-truck-sets-cargo-fire-no-one-helps/,http://rightwingnews.com,0,BuzzFeed_Real_14,Data1,Publisher21
BuzzfeedNews7,10 Moments That Mattered From Hillary Clinton and Donald Trump's First Debate,http://abcn.ws/2d56mMD,http://abcn.ws,0,BuzzFeed_Real_15,Data1,Publisher2
BuzzfeedNews8,Young Girl's Emotional Council Speech Laments 'Shame' of Fatal Charlotte Shooting,http://abcn.ws/2cTj7ap,http://abcn.ws,0,BuzzFeed_Real_16,Data1,Publisher2
BuzzfeedNews9,Jeb Bush to lecture at Harvard this fall,http://cnn.it/2d7qa20,http://cnn.it,0,BuzzFeed_Real_17,Data1,Publisher9
BuzzfeedNews10,Clinton vs. Trump: The debate before the debate,http://politi.co/2d0l760,http://politi.co,0,BuzzFeed_Real_18,Data1,Publisher19
BuzzfeedNews11,Is Hillary in a No-Win Situation?,http://politi.co/2d0FTlN,http://politi.co,0,BuzzFeed_Real_19,Data1,Publisher19
BuzzfeedNews12,Hillary Clinton on police shootings: 'too many people have lost their lives who shouldn't have',http://cnn.it/2cRxlv5,http://cnn.it,0,BuzzFeed_Real_2,Data1,Publisher9
BuzzfeedNews13,Johnson: 'I’m going to sleep well at the end of all this',http://politi.co/2cx5AZI,http://politi.co,0,BuzzFeed_Real_20,Data1,Publisher19
BuzzfeedNews14,Anthony Weiner Under Federal Investigation for Alleged Sexting With a Minor,http://abcn.ws/2cVpv23,http://abcn.ws,0,BuzzFeed_Real_21,Data1,Publisher2
BuzzfeedNews15,Senate Dems Move To Force Trump To Release His Tax Returns,http://occupydemocrats.com/2016/09/23/senate-dems-move-force-trump-release-tax-returns/,http://occupydemocrats.com,0,BuzzFeed_Real_22,Data1,Publisher17
BuzzfeedNews16,Dem congressman to IRS: Audit the Trump Foundation,http://cnn.it/2diatmB,http://cnn.it,0,BuzzFeed_Real_23,Data1,Publisher9
BuzzfeedNews17,Armed Intruders Break in House…Armed Resident Responds – Eagle Rising,http://eaglerising.com/36992/caught-on-video-armed-intruders-break-in-housearmed-resident-responds/,http://eaglerising.com,0,BuzzFeed_Real_24,Data1,Publisher12
BuzzfeedNews18,"Post-debate, Trump team hits moderator Holt for 'some hostile questions'",http://politi.co/2dojlvi,http://politi.co,0,BuzzFeed_Real_25,Data1,Publisher19
BuzzfeedNews19,One Critically Wounded As Charlotte Police Endure Second Night Of RIOTS… [VIDEO],http://rightwingnews.com/black-lives-matter/one-critically-wounded-as-charlotte-police-endure-second-night-of-riots-video/,http://rightwingnews.com,0,BuzzFeed_Real_26,Data1,Publisher21
BuzzfeedNews20,Rouhani: Iran deal able to weather the election,http://politi.co/2da5pR0,http://politi.co,0,BuzzFeed_Real_27,Data1,Publisher19
BuzzfeedNews21,“How Can we LEAD When we Can’t Even Control Our Own Cities?” [VIDEO] – Eagle Rising,http://eaglerising.com/36966/trump-how-can-we-lead-when-we-cant-even-control-our-own-cities-video/,http://eaglerising.com,0,BuzzFeed_Real_28,Data1,Publisher12
BuzzfeedNews22,9 times Ted Cruz insulted Donald Trump before endorsing him,http://politi.co/2cSUHmo,http://politi.co,0,BuzzFeed_Real_29,Data1,Publisher19
BuzzfeedNews23,"Critical counties: Wake County, NC, could put up a fight",http://cnn.it/2dnoYpa,http://cnn.it,0,BuzzFeed_Real_3,Data1,Publisher9
BuzzfeedNews24,"Obama wears hat, breaking ‘Politics 101’ rule on headgear",http://politi.co/2dbESny,http://politi.co,0,BuzzFeed_Real_30,Data1,Publisher19
BuzzfeedNews25,Clinton: ‘The next 50 days will determine the next 50 years’,http://politi.co/2cmo9Qd,http://politi.co,0,BuzzFeed_Real_31,Data1,Publisher19
BuzzfeedNews26,I Was RFK’s Speechwriter. Now I’m Voting for Trump. Here’s Why.,http://politi.co/2cQNTTT,http://politi.co,0,BuzzFeed_Real_32,Data1,Publisher19
BuzzfeedNews27,NC State Troopers Take A Knee Before Protecting Charlotte – But It Wasn’t To Protest The National Anthem…,http://rightwingnews.com/black-lives-matter/nc-state-troopers-take-knee-protecting-charlotte-wasnt-protest-national-anthem/,http://rightwingnews.com,0,BuzzFeed_Real_33,Data1,Publisher21
BuzzfeedNews28,Sacramento mayor punches pie thrower,http://cnn.it/2de6xHA,http://cnn.it,0,BuzzFeed_Real_34,Data1,Publisher9
BuzzfeedNews29,Megan Rapinoe Punished Over Not Standing For Anthem?,http://opposingviews.com/i/society/megan-rapinoe-be-punished-over-not-standing-anthem?fb=rwn,http://opposingviews.com,0,BuzzFeed_Real_35,Data1,Publisher18
BuzzfeedNews30,Liberals Are Furious When Reality Star Brody Jenner Tells the Truth About Police Shootings on Twitter,http://rightwingnews.com/top-news/liberals-furious-reality-star-brody-jenner-tells-truth-police-shootings-twitter/,http://rightwingnews.com,0,BuzzFeed_Real_36,Data1,Publisher21
BuzzfeedNews31,Donna Brazile slams Trump for not apologizing for birther claims,http://politi.co/2cSX97k,http://politi.co,0,BuzzFeed_Real_37,Data1,Publisher19
BuzzfeedNews32,US builds working theory on cause of Syrian airstrike,http://cnn.it/2dbAvI9,http://cnn.it,0,BuzzFeed_Real_38,Data1,Publisher9
BuzzfeedNews33,Emmy Host Kimmel Calls Out Dude Who Made Trump A Reality TV Star For Helping Destroy America (VIDEO),http://ifyouonlynews.com/humor/emmy-host-kimmel-calls-out-dude-who-made-trump-a-reality-tv-star-for-helping-destroy-america-video/,http://ifyouonlynews.com,0,BuzzFeed_Real_39,Data1,Publisher15
BuzzfeedNews34,NFL Superstar Unleashes 4 Word Bombshell on Reporter Pushing Him to Protest Anthem,http://conservativebyte.com/2016/09/inside-the-cover-up-of-hillarys-email-server/,http://conservativebyte.com,0,BuzzFeed_Real_4,Data1,Publisher10
BuzzfeedNews35,Trump-Clinton debates will stream on Twitter,http://politi.co/2cRe8b9,http://politi.co,0,BuzzFeed_Real_40,Data1,Publisher19
BuzzfeedNews36,Joe Biden Slams Donald Trump's Comment That Housing Crisis Was 'Good Business',http://abcn.ws/2d3YEVr,http://abcn.ws,0,BuzzFeed_Real_41,Data1,Publisher2
BuzzfeedNews37,National poll: Clinton leads Trump by 6,http://cnn.it/2cX0uoC,http://cnn.it,0,BuzzFeed_Real_42,Data1,Publisher9
BuzzfeedNews38,“Public School Forced My Child To,http://freedomdaily.com/outraged-parents-file-lawsuit-public-school-forced-my-child-to-convert-to-islam/,http://freedomdaily.com,0,BuzzFeed_Real_43,Data1,Publisher13
BuzzfeedNews39,"ABC News – Breaking News, Latest News, Headlines & Videos",http://abcn.ws/2cQBD2w,http://abcn.ws,0,BuzzFeed_Real_44,Data1,Publisher2
BuzzfeedNews40,How to watch the first presidential debate,http://cnn.it/2djsykq,http://cnn.it,0,BuzzFeed_Real_45,Data1,Publisher9
BuzzfeedNews41,Topics for first presidential debate announced,http://politi.co/2cZokC4,http://politi.co,0,BuzzFeed_Real_46,Data1,Publisher19
BuzzfeedNews42,KISS Bassist Gene Simmons on How to Stop Islamic Terrorism,http://eaglerising.com/37013/kiss-bassist-gene-simmons-on-how-to-stop-islamic-terrorism-profile-video/,http://eaglerising.com,0,BuzzFeed_Real_47,Data1,Publisher12
BuzzfeedNews43,"Clinton: Tulsa shooting 'unbearable,' should be 'intolerable'",http://cnn.it/2cQyS4N,http://cnn.it,0,BuzzFeed_Real_48,Data1,Publisher9
BuzzfeedNews44,Conway: Trump will explain his Islamic State plan if asked,http://politi.co/2dm2wkm,http://politi.co,0,BuzzFeed_Real_49,Data1,Publisher19
BuzzfeedNews45,Obama in NYC: 'We all have a role to play' in terror fight after suspected bombings,http://cnn.it/2cTtbDk,http://cnn.it,0,BuzzFeed_Real_5,Data1,Publisher9
BuzzfeedNews46,Obama: Refugee crisis is test of our humanity,http://cnn.it/2deTou2,http://cnn.it,0,BuzzFeed_Real_50,Data1,Publisher9
BuzzfeedNews47,Trump labels Clinton 'weak and ineffective' in wake of bombings,http://cnn.it/2d6LAP3,http://cnn.it,0,BuzzFeed_Real_51,Data1,Publisher9
BuzzfeedNews48,In Defense of ‘He Said/She Said’ Journalism,http://politi.co/2daL69Q,http://politi.co,0,BuzzFeed_Real_52,Data1,Publisher19
BuzzfeedNews49,Inmate Dead From Alleged Mistreatment In Jail Run By Infamous Pro-Trump Sheriff,http://addictinginfo.org/2016/09/20/inmate-dead-from-alleged-mistreatment-in-jail-run-by-infamous-pro-trump-sheriff/,http://addictinginfo.org,0,BuzzFeed_Real_53,Data1,Publisher3
BuzzfeedNews50,Debate Commission STUNS Journalists By Siding With Trump: Fact Checking Is Out Of Bounds (VIDEO),http://ifyouonlynews.com/politics/debate-commission-stuns-journalists-by-siding-with-trump-fact-checking-is-out-of-bounds-video/,http://ifyouonlynews.com,0,BuzzFeed_Real_54,Data1,Publisher15
BuzzfeedNews51,Trump camp: ‘Donald Trump is guilty of answering the question asked’,http://politi.co/2doygoM,http://politi.co,0,BuzzFeed_Real_55,Data1,Publisher19
BuzzfeedNews52,France becomes the first country to ban plastic plates and cutlery,http://washingtonpost.com/news/worldviews/wp/2016/09/19/france-bans-plastic-plates-and-cutlery/,http://washingtonpost.com,0,BuzzFeed_Real_56,Data1,Publisher25
BuzzfeedNews53,Paul Ryan ducks on stop-and-frisk,http://cnn.it/2de7kZ4,http://cnn.it,0,BuzzFeed_Real_57,Data1,Publisher9
BuzzfeedNews54,Charlotte Police REVEAL What They Said To Black Man Just Moments Before Shooting…,http://rightwingnews.com/top-news/charlotte-police-reveal-said-black-man-just-moments-shooting/,http://rightwingnews.com,0,BuzzFeed_Real_58,Data1,Publisher21
BuzzfeedNews55,Kaine visits site of Orlando mass shooting,http://politi.co/2d1z7fz,http://politi.co,0,BuzzFeed_Real_59,Data1,Publisher19
BuzzfeedNews56,Obama weighs in on the debate,http://politi.co/2dpdeXp,http://politi.co,0,BuzzFeed_Real_6,Data1,Publisher19
BuzzfeedNews57,How Trump Is Hiding From The Media Like A Total Coward,http://addictinginfo.org/2016/09/20/how-trump-is-hiding-from-the-media-like-a-total-coward/,http://addictinginfo.org,0,BuzzFeed_Real_60,Data1,Publisher3
BuzzfeedNews58,“Why Aren’t I 50 Points Ahead?” – Eagle Rising,http://eaglerising.com/36936/hillary-wants-to-know-why-arent-i-50-points-ahead/,http://eaglerising.com,0,BuzzFeed_Real_61,Data1,Publisher12
BuzzfeedNews59,Bobby Knight: Nobody can 'correct mistakes' like Trump,http://politi.co/2cRiK2U,http://politi.co,0,BuzzFeed_Real_62,Data1,Publisher19
BuzzfeedNews60,BREAKING: Pipe Bombs Found in New Jersey Train Station,http://rightwingnews.com/crime/breaking-pipe-bombs-found-new-jersey-train-station/,http://rightwingnews.com,0,BuzzFeed_Real_63,Data1,Publisher21
BuzzfeedNews61,Hillary Clinton on Between Two Ferns: 'I really regret doing this',http://cnn.it/2djV0ml,http://cnn.it,0,BuzzFeed_Real_64,Data1,Publisher9
BuzzfeedNews62,Magistrate won't order federal arraignment for bombing suspect,http://politi.co/2cS4PJJ,http://politi.co,0,BuzzFeed_Real_65,Data1,Publisher19
BuzzfeedNews63,US: ISIS did not use mustard agent in base attack,http://cnn.it/2dwOp8d,http://cnn.it,0,BuzzFeed_Real_66,Data1,Publisher9
BuzzfeedNews64,"Terrorist Attacks Will Likely Affect 2016 Presidential Race, Experts Say",http://abcn.ws/2cDjJ92,http://abcn.ws,0,BuzzFeed_Real_67,Data1,Publisher2
BuzzfeedNews65,Everything you need to know about Trump and Clinton’s first 2016 presidential debate,http://politi.co/2d3mmAD,http://politi.co,0,BuzzFeed_Real_68,Data1,Publisher19
BuzzfeedNews66,U.S. attorney sees no rush to arraign Rahami in federal court,http://politi.co/2cS8sh4,http://politi.co,0,BuzzFeed_Real_69,Data1,Publisher19
BuzzfeedNews67,Donald Trump's rise puts Ted Cruz in a bind,http://cnn.it/2dlbk5X,http://cnn.it,0,BuzzFeed_Real_7,Data1,Publisher9
BuzzfeedNews68,Trump hits Clinton on Islamic State: ‘It is time for change’,http://politi.co/2cEsAnL,http://politi.co,0,BuzzFeed_Real_70,Data1,Publisher19
BuzzfeedNews69,Bridgegate: Port Authority officials planned to make Fort Lee 'traffic jam as bad as possible',http://cnn.it/2dn8vWp,http://cnn.it,0,BuzzFeed_Real_71,Data1,Publisher9
BuzzfeedNews70,Bono: ‘Trump is potentially the worst idea that ever happened to America’,http://politi.co/2cN5r3A,http://politi.co,0,BuzzFeed_Real_72,Data1,Publisher19
BuzzfeedNews71,2016 presidential race tightens in Florida,http://cnn.it/2ddxgjJ,http://cnn.it,0,BuzzFeed_Real_73,Data1,Publisher9
BuzzfeedNews72,HuffPo Just Dropped The Mic On Internet Polls Saying Trump Crushed Hillary In Last Night’s Debate,http://addictinginfo.org/2016/09/27/huffpo-just-dropped-the-mic-on-internet-polls-saying-trump-crushed-hillary-in-last-nights-debate/,http://addictinginfo.org,0,BuzzFeed_Real_74,Data1,Publisher3
BuzzfeedNews73,Tim Kaine on Libertarian ticket: 'Everybody knows they're not going to win',http://cnn.it/2cX5Nof,http://cnn.it,0,BuzzFeed_Real_75,Data1,Publisher9
BuzzfeedNews74,Watch Joe Biden Take Trump’s Own Words And Tear Him To SHREDS After Debate (VIDEO),http://addictinginfo.org/2016/09/27/watch-joe-biden-take-trumps-own-words-and-tear-him-to-shreds-after-debate-video/,http://addictinginfo.org,0,BuzzFeed_Real_76,Data1,Publisher3
BuzzfeedNews75,U.S. mistakenly granted citizenship to hundreds of immigrants,http://politi.co/2cKqILg,http://politi.co,0,BuzzFeed_Real_77,Data1,Publisher19
BuzzfeedNews76,Insiders: The heat is on Hillary,http://politi.co/2cP9WaV,http://politi.co,0,BuzzFeed_Real_78,Data1,Publisher19
BuzzfeedNews77,Donald Trump Jr. Just Pinned A Tweet So Stupid It Will Make Your Eyes Bleed ‹ Opposition Report,http://winningdemocrats.com/donald-trump-jr-just-pinned-a-tweet-so-stupid-it-will-make-your-eyes-bleed/,http://winningdemocrats.com,0,BuzzFeed_Real_79,Data1,Publisher26
BuzzfeedNews78,More Milestone Moments for Donald Trump! – Eagle Rising,http://eaglerising.com/36829/more-milestone-moments-for-donald-trump/,http://eaglerising.com,0,BuzzFeed_Real_8,Data1,Publisher12
BuzzfeedNews79,Donald Trump retreats to friendly media ground,http://cnn.it/2dcjQUU,http://cnn.it,0,BuzzFeed_Real_80,Data1,Publisher9
BuzzfeedNews80,Pence gives no specifics on why Trump Foundation story is inaccurate,http://politi.co/2d1BwU6,http://politi.co,0,BuzzFeed_Real_81,Data1,Publisher19
BuzzfeedNews81,Details Emerge About NYC Bomb Suspect Ahmad Khan Rahami,http://abcn.ws/2cMLIxB,http://abcn.ws,0,BuzzFeed_Real_82,Data1,Publisher2
BuzzfeedNews82,Trump’s puzzling pitch to black voters,http://politi.co/2cRQmvU,http://politi.co,0,BuzzFeed_Real_83,Data1,Publisher19
BuzzfeedNews83,Joe Arpaio: Trump didn’t call Obama’s birth certificate ‘legitimate’,http://politi.co/2cLospd,http://politi.co,0,BuzzFeed_Real_84,Data1,Publisher19
BuzzfeedNews84,Barack Obama at Benjamin Netanyahu meeting: 'He is always very candid with us',http://cnn.it/2dgYW6Z,http://cnn.it,0,BuzzFeed_Real_85,Data1,Publisher9
BuzzfeedNews85,McAuliffe hangs with Willie Nelson -- and his weed,http://cnn.it/2dbrw9X,http://cnn.it,0,BuzzFeed_Real_86,Data1,Publisher9
BuzzfeedNews86,The Mystery of Trump’s Man in Moscow: Carter Page,http://politi.co/2cYpJ8p,http://politi.co,0,BuzzFeed_Real_87,Data1,Publisher19
BuzzfeedNews87,It’s “Trump is HITLER” Month at the Washington Post – Eagle Rising,http://eaglerising.com/36955/its-trump-is-hitler-month-at-the-washington-post/,http://eaglerising.com,0,BuzzFeed_Real_88,Data1,Publisher12
BuzzfeedNews88,Obama’s team isn’t laughing at Trump anymore,http://politi.co/2cW2vAD,http://politi.co,0,BuzzFeed_Real_89,Data1,Publisher19
BuzzfeedNews89,"Georgia poll: Donald Trump, Hillary Clinton in tight race",http://cnn.it/2cynaZx,http://cnn.it,0,BuzzFeed_Real_9,Data1,Publisher9
BuzzfeedNews90,Chelsea Handler Gets The Last Word After RNC Chair Attacks Hillary For Not Smiling (VIDEO),http://addictinginfo.org/2016/09/19/chelsea-handler-gets-the-last-word-after-rnc-chair-attacks-hillary-for-not-smiling-video/,http://addictinginfo.org,0,BuzzFeed_Real_90,Data1,Publisher3
BuzzfeedNews91,Is Donald Trump qualified to be president?,http://politi.co/2dkiM5e,http://politi.co,0,BuzzFeed_Real_91,Data1,Publisher19
BuzzfeedNews92,Proof The Mainstream Media Is Manipulating The Election By Taking Bill Clinton Out Of Context,http://addictinginfo.org/2016/09/19/proof-the-mainstream-media-is-manipulating-the-election-by-taking-bill-clinton-out-of-context/,http://addictinginfo.org,1,BuzzFeed_Fake_1,Data1,Publisher3
BuzzfeedNews93,Charity: Clinton Foundation Distributed “Watered-Down” AIDS Drugs to Sub-Saharan Africa – Eagle Rising,http://eaglerising.com/36899/charity-clinton-foundation-distributed-watered-down-aids-drugs-to-sub-saharan-africa/,http://eaglerising.com,1,BuzzFeed_Fake_10,Data1,Publisher12
BuzzfeedNews94,A Hillary Clinton Administration May be Entirely Run by a FIGUREHEAD – Eagle Rising,http://eaglerising.com/36880/a-hillary-clinton-administration-may-be-entirely-run-by-a-figurehead/,http://eaglerising.com,1,BuzzFeed_Fake_11,Data1,Publisher12
BuzzfeedNews95,Trump’s Latest Campaign Promise May Be His Most Horrible One Yet,http://addictinginfo.org/2016/09/19/trumps-latest-campaign-promise-may-be-his-most-horrible-one-yet/,http://addictinginfo.org,1,BuzzFeed_Fake_12,Data1,Publisher3
BuzzfeedNews96,Website is Down For Maintenance,http://proudcons.com/clinton-foundation-caught-in-their-most-disturbing-scheme-yet-countless-people-died/,http://proudcons.com,1,BuzzFeed_Fake_13,Data1,Publisher20
BuzzfeedNews97,Obama Pushes One World Government,http://allenwestrepublic.com/2016/09/20/obama-pushes-one-world-government/,http://allenwestrepublic.com,1,BuzzFeed_Fake_14,Data1,Publisher4
BuzzfeedNews98,Clinton Foundation Spent 5.7% on Charity; Rest Went to “Salaries” and “Other Expenses” – Eagle Rising,http://eaglerising.com/36847/clinton-foundation-spent-5-7-on-charity-rest-went-to-salaries-and-other-expenses/,http://eaglerising.com,1,BuzzFeed_Fake_15,Data1,Publisher12
BuzzfeedNews99,WHOA! NEW DISTURBING VIDEO Shows HILLARY'S Campaign Likely FAKED Her Audience At NC Rally * 100percentfedUp.com,http://100percentfedup.com/new-disturbing-video-shows-hillarys-campaign-likely-faked-audience-nc-rally/,http://100percentfedup.com,1,BuzzFeed_Fake_16,Data1,Publisher1
BuzzfeedNews100,Is it the Beginning of the End for Hillary Clinton? – Eagle Rising,http://eaglerising.com/36912/is-it-the-beginning-of-the-end-for-hillary-clinton/,http://eaglerising.com,1,BuzzFeed_Fake_17,Data1,Publisher12
BuzzfeedNews101,Californians Had Special Way to View the Eclipse… Now Hospitals Are Filling up,http://conservativebyte.com/2016/09/hillary-bad-mouths-christians/,http://conservativebyte.com,1,BuzzFeed_Fake_18,Data1,Publisher10
BuzzfeedNews102,Obama Just DISGRACED The U.S. By Surrendering To ISIS In Front Of Entire U.N. - US Herald,http://goo.gl/aRYFof,http://goo.gl,1,BuzzFeed_Fake_19,Data1,Publisher14
BuzzfeedNews103,Declassified Docs Show That Obama Admin Created ISIS In 2012 To Use As A 'Tool' - US Herald,http://usherald.com/breaking-declassified-docs-show-that-obama-admin-created-isis-in-2012-to-use-as-a-tool?utm_source=aep&utm_medium=obamadeclassifiedisistool&utm_campaign=fbext,http://usherald.com,1,BuzzFeed_Fake_2,Data1,Publisher24
BuzzfeedNews104,A Hillary Clinton Administration May be Entirely Run by a FIGUREHEAD – Eagle Rising,http://eaglerising.com/36880/a-hillary-clinton-administration-may-be-entirely-run-by-a-figurehead/,http://eaglerising.com,1,BuzzFeed_Fake_20,Data1,Publisher12
BuzzfeedNews105,BREAKING: Did Hillary Clinton Have a Nervous Breakdown?,http://theblacksphere.net/2016/09/breaking-did-hillary-clinton-have-a-nervous-breakdown/,http://theblacksphere.net,1,BuzzFeed_Fake_21,Data1,Publisher22
BuzzfeedNews106,Hillary Denies She and Obama Founded ISIS…Then This Video Shows Up,nan,nan,1,BuzzFeed_Fake_22,Data1,Publisher28
BuzzfeedNews107,Trump Just Made A Campaign Promise So Ridiculous It Makes ‘Read My Lips’ Look Good ‹ Opposition Report,http://winningdemocrats.com/trump-just-made-a-campaign-promise-so-ridiculous-it-makes-read-my-lips-look-good/,http://winningdemocrats.com,1,BuzzFeed_Fake_23,Data1,Publisher26
BuzzfeedNews108,Top Army Chief of Staff General Has Had It With Obama Incompetence - US Herald,http://usherald.com/top-army-chief-of-staff-general-has-had-it-with-obama-incompetence?utm_source=aep&utm_medium=generalobamaincompetent&utm_campaign=fbext,http://usherald.com,1,BuzzFeed_Fake_24,Data1,Publisher24
BuzzfeedNews109,Congress MUST Act! Five Days Until Obama's Internet Giveaway [Video],http://allenwestrepublic.com/2016/09/25/congress-must-act-five-days-until-obamas-internet-giveaway-video/,http://allenwestrepublic.com,1,BuzzFeed_Fake_25,Data1,Publisher4
BuzzfeedNews110,Clemson BANS Memes Featuring Dead Gorilla Harambe…Promotes “Rape Culture” and “Racism” – Eagle Rising,http://eaglerising.com/37061/clemson-bans-memes-featuring-dead-gorilla-harambe-promotes-rape-culture-and-racism/,http://eaglerising.com,1,BuzzFeed_Fake_26,Data1,Publisher12
BuzzfeedNews111,How Democrats are Going to Try to STEAL the Election for Hillary – Eagle Rising,http://eaglerising.com/37044/how-democrats-are-going-to-try-to-steal-the-election-for-hillary/,http://eaglerising.com,1,BuzzFeed_Fake_27,Data1,Publisher12
BuzzfeedNews112,"“If You Can’t Run Your Own House, You Certainly Can’t Run the White House” – Eagle Rising",http://eaglerising.com/37040/michelle-obama-attacks-hillary-if-you-cant-run-your-own-house-you-certainly-cant-run-the-white-house/,http://eaglerising.com,1,BuzzFeed_Fake_28,Data1,Publisher12
BuzzfeedNews113,CNN’s Post-Debate Rigged Poll Busted…Here Are The Real Results,nan,nan,1,BuzzFeed_Fake_29,Data1,Publisher28
BuzzfeedNews114,Why is it “RACIST” to Question Someone’s Birth Certificate? – Eagle Rising,http://eaglerising.com/36841/why-is-it-racist-to-question-someones-birth-certificate/,http://eaglerising.com,1,BuzzFeed_Fake_3,Data1,Publisher12
BuzzfeedNews115,"Homosexual Thinks Muslims Will Accept Him, Instantly Learns How They Deal With LGBT",nan,nan,1,BuzzFeed_Fake_30,Data1,Publisher28
BuzzfeedNews116,REVEALED! Minnesota Mall Attacker ID'd As One Of Hillary's Somali Muslim Refugees,nan,nan,1,BuzzFeed_Fake_31,Data1,Publisher28
BuzzfeedNews117,NYC Terrorist Ahmad Rahami Sued Police Department for ‘Religious Persecution’ in 2011! - Freedom Daily,http://freedomdaily.com/nyc-terrorist-ahmad-rahami-sued-police-department-religious-persecution-2011/,http://freedomdaily.com,1,BuzzFeed_Fake_32,Data1,Publisher13
BuzzfeedNews118,Fast Food CEO Threatens To Fire Everyone If A Democrat Wins The Presidency,http://author.groopspeak.com/fast-food-ceo-threatens-to-fire-everyone-if-a-democrat-wins-the-presidency/,http://author.groopspeak.com,1,BuzzFeed_Fake_33,Data1,Publisher6
BuzzfeedNews119,BREAKING: WikiLeaks Releases Proof Hillary Lied and The FBI Covered It Up,nan,nan,1,BuzzFeed_Fake_34,Data1,Publisher28
BuzzfeedNews120,Angela Merkel Admits Bringing In Muslim Refugees Was A Big Fat Mistake,http://goo.gl/aKyOlG,http://goo.gl,1,BuzzFeed_Fake_35,Data1,Publisher14
BuzzfeedNews121,"DISGUSTING! Because Of Hillary & Obama, NY Terrorist Will Get Better Treatment Than US Vets! - Freedom Daily",http://freedomdaily.com/disgusting-because-of-hillary-obama-ny-terrorist-will-get-better-treatment-than-us-vets/,http://freedomdaily.com,1,BuzzFeed_Fake_36,Data1,Publisher13
BuzzfeedNews122,DESPICABLE! Hillary Wants To Put Hero Cop Who Stopped Mall Terror Attack Out Of BUSINESS - Freedom Daily,http://freedomdaily.com/despicable-hillary-wants-put-hero-cop-stopped-mall-terror-attack-business/,http://freedomdaily.com,1,BuzzFeed_Fake_37,Data1,Publisher13
BuzzfeedNews123,UNFIT! Look What Hillary Needed To Get Up The Stairs At Her Rally Today!  Freedom Daily,http://freedomdaily.com/unfit-look-what-hillary-needed-to-get-up-the-stairs-at-her-rally-today/,http://freedomdaily.com,1,BuzzFeed_Fake_38,Data1,Publisher13
BuzzfeedNews124,Website is Down For Maintenance,http://proudcons.com/clinton-foundation-caught-in-their-most-disturbing-scheme-yet-countless-people-died/,http://proudcons.com,1,BuzzFeed_Fake_39,Data1,Publisher20
BuzzfeedNews125,"HILLARY ON DISABLED CHILDREN During Easter Egg Hunt: ""When are they going to get those f*g ree-tards out of here?"" * 100percentfedUp.com",http://100percentfedup.com/hillary-on-disabled-children-during-easter-egg-hunt-when-are-they-going-to-get-those-fg-ree-tards-out-of-here/,http://100percentfedup.com,1,BuzzFeed_Fake_4,Data1,Publisher1
BuzzfeedNews126,No WAY! Liberal Judge Just Made A Law For Black Males To Do This DISGUSTING Thing To Cops  Freedom Daily,http://freedomdaily.com/no-way-liberal-judge-just-made-law-black-males-disgusting-thing-cops/,http://freedomdaily.com,1,BuzzFeed_Fake_40,Data1,Publisher13
BuzzfeedNews127,Clinton's Exploited Haiti Earthquake ‘to Steal Billions of Dollars from the Sick and Starving’  Freedom Daily,http://freedomdaily.com/former-haitian-senate-president-clintons-exploited-haiti-earthquake-steal-billions-dollars-sick-starving/,http://freedomdaily.com,1,BuzzFeed_Fake_41,Data1,Publisher13
BuzzfeedNews128,BOOM! Merkel Admits Flooding Germany With Muslim Refugees,http://freedomdaily.com/boom-merkel-admits-flooding-germany-with-muslim-refugees-was-wrong/,http://freedomdaily.com,1,BuzzFeed_Fake_42,Data1,Publisher13
BuzzfeedNews129,"SICK! Muslim Refugee Beats, Urinates On Pregnant Woman After Seeing What She Has  Freedom Daily",http://freedomdaily.com/sick-muslim-refugee-beats-urinates-on-pregnant-woman-after-seeing-what-she-has/,http://freedomdaily.com,1,BuzzFeed_Fake_43,Data1,Publisher13
BuzzfeedNews130,Republicans Push Bill To Legalize Voter Intimidation To Help Trump In Pennsylvania,http://addictinginfo.org/2016/09/22/republicans-push-bill-to-legalize-voter-intimidation-to-help-trump-in-pennsylvania/,http://addictinginfo.org,1,BuzzFeed_Fake_44,Data1,Publisher3
BuzzfeedNews131,Female Muslim-American Olympian Bashes U.S.A. —Goes Off The Hinges About Why America Sucks!  Freedom Daily,http://freedomdaily.com/female-muslim-american-olympian-bashes-u-s-a-goes-off-the-hinges-about-why-america-sucks/,http://freedomdaily.com,1,BuzzFeed_Fake_45,Data1,Publisher13
BuzzfeedNews132,Charlotte Thugs Leaves Cop’s Body With Disgusting Thing They Did...  Freedom Daily,http://freedomdaily.com/charlotte-thugs-leaves-cops-body-disgusting-thing/,http://freedomdaily.com,1,BuzzFeed_Fake_46,Data1,Publisher13
BuzzfeedNews133,Obama Told Americans That Their Freedom Is Over And,http://freedomdaily.com/nasty-surprise-obama-told-americans-that-their-freedom-is-over-and-new-world-government-is-taking-over/,http://freedomdaily.com,1,BuzzFeed_Fake_47,Data1,Publisher13
BuzzfeedNews134,Tebow DISMANTLES national anthem protests in one sentence...BOOM!  Freedom Daily,http://freedomdaily.com/tebow-dismantles-national-anthem-protests-one-sentence-boom/,http://freedomdaily.com,1,BuzzFeed_Fake_48,Data1,Publisher13
BuzzfeedNews135,Federal Agents Make Massive Discovery at Southern Border… ISIS Is Here  Freedom Daily,http://freedomdaily.com/breaking-federal-agents-make-massive-discovery-southern-border-isis-2/,http://freedomdaily.com,1,BuzzFeed_Fake_49,Data1,Publisher13
BuzzfeedNews136,'Reporters' FLEE When Clintons Get EXPOSED!,http://clashdaily.com/2016/09/watch-trump-visits-little-haiti-miami-reporters-flee-clintons-get-exposed/?utm_source=referral&utm_medium=facebook.com&utm_campaign=lasmpfb,http://clashdaily.com,1,BuzzFeed_Fake_5,Data1,Publisher8
BuzzfeedNews137,Australia Voted To Ban Muslims And Liberals Are Pissed,http://goo.gl/p7jFZG,http://goo.gl,1,BuzzFeed_Fake_50,Data1,Publisher14
BuzzfeedNews138,"Two White Men Doused With Gasoline, Set On FIRE By Blacks",http://freedomdaily.com/white-men-set-on-fire-by-blacks-media-censored/,http://freedomdaily.com,1,BuzzFeed_Fake_51,Data1,Publisher13
BuzzfeedNews139,"ALERT: Police Pull Over ‘Islamic Refugee,’ Horrified To See What Was In The Car",nan,nan,1,BuzzFeed_Fake_52,Data1,Publisher28
BuzzfeedNews140,CNN’s Post-Debate Rigged Poll Busted…Here Are The Real Results,nan,nan,1,BuzzFeed_Fake_53,Data1,Publisher28
BuzzfeedNews141,"The NFL Told Russell Wilson Not To Speak About His Faith, So He Did Something Fans Couldn't Believe  Freedom Daily",http://freedomdaily.com/nfl-told-russell-wilson-not-speak-faith-something-fans-couldnt-believe/,http://freedomdaily.com,1,BuzzFeed_Fake_54,Data1,Publisher13
BuzzfeedNews142,The Pope Flat Out Called Fox News Type Journalism ‘Terrorism’,http://author.addictinginfo.org/2016/09/23/the-pope-flat-out-called-fox-news-type-journalism-terrorism/,http://author.addictinginfo.org,1,BuzzFeed_Fake_55,Data1,Publisher5
BuzzfeedNews143,"HERE IT IS! The Winner of the First Debate Was Just Announced, And the Winner Is…",http://freedomdaily.com/here-it-is-the-winner-of-the-first-debate-was-just-announced-and-the-winner-is/,http://freedomdaily.com,1,BuzzFeed_Fake_56,Data1,Publisher13
BuzzfeedNews144,Hillary Thought She Won The Debate. Didn’t Expect This To Happen To Prove Her Wrong.,http://yesimright.com/hillary-thought-she-won-the-debate-didnt-expect-this-to-happen-to-prove-her-wrong/,http://yesimright.com,1,BuzzFeed_Fake_57,Data1,Publisher27
BuzzfeedNews145,Riot Police DID Shoot Unarmed Charlotte Protester In Head,http://occupydemocrats.com/2016/09/22/multiple-witnesses-riot-police-shoot-unarmed-charlotte-protester-head/,http://occupydemocrats.com,1,BuzzFeed_Fake_58,Data1,Publisher17
BuzzfeedNews146,"ABC Reveals Trump Paid ""Hundreds Of Millions"" By Russian Oligarchs",http://occupydemocrats.com/2016/09/23/bombshell-abc-reveals-trump-paid-hundreds-millions-russian-oligarchs-2/,http://occupydemocrats.com,1,BuzzFeed_Fake_59,Data1,Publisher17
BuzzfeedNews147,Bombing Suspect Filed Anti-Muslim Discrimination Lawsuit Against Police – Eagle Rising,http://eaglerising.com/36871/bombing-suspect-filed-anti-muslim-discrimination-lawsuit-against-police/,http://eaglerising.com,1,BuzzFeed_Fake_6,Data1,Publisher12
BuzzfeedNews148,"New Jersey Moves To Impeach Chris Christie Over ""Bridgegate""",http://occupydemocrats.com/2016/09/23/breaking-new-jersey-moves-impeach-chris-christie-bridgegate/,http://occupydemocrats.com,1,BuzzFeed_Fake_60,Data1,Publisher17
BuzzfeedNews149,Newsweek Accuses Trump Of Committing A Felony,http://occupydemocrats.com/2016/09/23/just-newsweek-accuses-trump-committing-felony/,http://occupydemocrats.com,1,BuzzFeed_Fake_61,Data1,Publisher17
BuzzfeedNews150,Surgeon General warns: Drinking every time Trump lies during debate could result in acute alcohol poisoning,nan,nan,1,BuzzFeed_Fake_62,Data1,Publisher28
BuzzfeedNews151,Putin's Troll Army Caught Rigging Twitter To Pretend Trump Won,http://occupydemocrats.com/2016/09/27/breaking-putins-troll-army-caught-rigging-twitter-pretend-trump-won/,http://occupydemocrats.com,1,BuzzFeed_Fake_63,Data1,Publisher17
BuzzfeedNews152,Trump Supreme Court Pick Sued By Feds For Racial Discrimination,http://occupydemocrats.com/2016/09/28/trumps-biggest-silicon-valley-donor-sued-by-feds-for-discrimination/,http://occupydemocrats.com,1,BuzzFeed_Fake_64,Data1,Publisher17
BuzzfeedNews153,Note In Arabic Found With NYC Bomb… Call Says There Will Be More Bombings,http://rightwingnews.com/top-news/note-arabic-found-nyc-bomb-call-says-will-bombings/,http://rightwingnews.com,1,BuzzFeed_Fake_65,Data1,Publisher21
BuzzfeedNews154,Donald Trump Goes Off The Deep End–May Be Unfit For Debate ‹ Opposition Report,http://winningdemocrats.com/donald-trump-goes-off-the-deep-end-may-be-unfit-for-debate/,http://winningdemocrats.com,1,BuzzFeed_Fake_66,Data1,Publisher26
BuzzfeedNews155,Secret Video Records MASSIVE Hillary Event Flop!,http://rightwingnews.com/hillary-clinton-2/secret-video-records-massive-hillary-event-flop/,http://rightwingnews.com,1,BuzzFeed_Fake_67,Data1,Publisher21
BuzzfeedNews156,CNN FURIOUS and Embarrassed After Trump Called Them Out For One Major Thing,http://rightwingnews.com/donald-trump/cnn-furious-embarrassed-trump-called-them-one-major-thing/,http://rightwingnews.com,1,BuzzFeed_Fake_68,Data1,Publisher21
BuzzfeedNews157,New York bomb Suspect SUED Police!,http://rightwingnews.com/top-news/new-york-bomb-suspect-sued-police/,http://rightwingnews.com,1,BuzzFeed_Fake_69,Data1,Publisher21
BuzzfeedNews158,Clinton Foundation Spent 5.7% on Charity; Rest Went to “Salaries” and “Other Expenses” – Eagle Rising,http://eaglerising.com/36847/clinton-foundation-spent-5-7-on-charity-rest-went-to-salaries-and-other-expenses/,http://eaglerising.com,1,BuzzFeed_Fake_7,Data1,Publisher12
BuzzfeedNews159,Obama’s Speech In New York Shocks Americans When He Says THIS About Attacks!,http://rightwingnews.com/top-news/obamas-speech-new-york-shocks-americans-says-attacks/,http://rightwingnews.com,1,BuzzFeed_Fake_70,Data1,Publisher21
BuzzfeedNews160,Bill And Hillary Clinton Have A MAJOR AIDS Scandal!,http://thepoliticalinsider.com/clinton-aids-bill-hillary-major-scandal/?source=RWN,http://thepoliticalinsider.com,1,BuzzFeed_Fake_71,Data1,Publisher23
BuzzfeedNews161,Changing Your Baby's Diaper Is Now A Sex Crime In Arizona,http://chicksontheright.com/changing-your-babys-diaper-is-now-a-sex-crime-in-arizona/?utm_source=RWN&utm_medium=RWN&utm_campaign=RWN,http://chicksontheright.com,1,BuzzFeed_Fake_72,Data1,Publisher7
BuzzfeedNews162,Michelle Obama NOT Leaving The White House – Hillary Clinton Has Terrifying New Role For Her!?!?,http://rightwingnews.com/top-news/michelle-obama-not-leaving-white-house-hillary-clinton-terrifying-new-role/,http://rightwingnews.com,1,BuzzFeed_Fake_73,Data1,Publisher21
BuzzfeedNews163,New Clinton Foundation SCANDAL Just Broke – This Is What Hillary ACTUALLY Thinks About Black People…,http://rightwingnews.com/hillary-clinton-2/new-clinton-foundation-scandal-just-broke-hillary-actually-thinks-black-people/,http://rightwingnews.com,1,BuzzFeed_Fake_74,Data1,Publisher21
BuzzfeedNews164,BREAKING: Judge DEMANDS Release Of Clinton’s Security Training Files – She Has 5 Days…,http://rightwingnews.com/hillary-clinton-2/breaking-judge-demands-release-clintons-security-training-files-5-days/,http://rightwingnews.com,1,BuzzFeed_Fake_75,Data1,Publisher21
BuzzfeedNews165,Networks Confirm They Will Not Be Fact-Checking Donald Trump In Any Way,http://addictinginfo.org/2016/09/26/networks-confirm-they-will-not-be-fact-checking-donald-trump-in-any-way/,http://addictinginfo.org,1,BuzzFeed_Fake_76,Data1,Publisher3
BuzzfeedNews166,"Decades-Old Clinton Friend Comes Forward, Says She Knows What's Happening to Hillary",http://conservativetribune.com/clinton-friend-happening-hillary/?utm_source=Facebook&utm_medium=RightWingNews&utm_content=2016-09-21&utm_campaign=manualpost,http://conservativetribune.com,1,BuzzFeed_Fake_77,Data1,Publisher11
BuzzfeedNews167,"‘We Don’t Adapt To Your Culture, You Adapt To Ours’",http://ihavethetruth.com/2016/03/27/162167/,http://ihavethetruth.com,1,BuzzFeed_Fake_78,Data1,Publisher16
BuzzfeedNews168,White Guy Walled In Car By BlackLivesMatter Protesters – They See What He’s Brandishing And Scatter…,http://rightwingnews.com/top-news/white-guy-walled-car-blacklivesmatter-protesters-see-hes-brandishing-scatter/,http://rightwingnews.com,1,BuzzFeed_Fake_79,Data1,Publisher21
BuzzfeedNews169,The Black Sphere with Kevin Jackson,http://theblacksphere.net/2016/09/chicago-environmentalist-scumbags/,http://theblacksphere.net,1,BuzzFeed_Fake_8,Data1,Publisher22
BuzzfeedNews170,Obama: “I bet when I die you’ll be happy to pee on my grave.”,http://ihavethetruth.com/2016/01/30/obama-i-bet-when-i-die-youll-be-happy-to-pee-on-my-grave/,http://ihavethetruth.com,1,BuzzFeed_Fake_80,Data1,Publisher16
BuzzfeedNews171,SURPRISE! 70% Of Charlotte RIOTERS Are Not From There – Guess What That Means… [VIDEO],http://rightwingnews.com/black-lives-matter/surprise-70-charlotte-rioters-not-guess-means-video/,http://rightwingnews.com,1,BuzzFeed_Fake_81,Data1,Publisher21
BuzzfeedNews172,Hillary's DEAD!?!? Brand New Theory Has Serious PROOF,http://thepoliticalinsider.com/hillary-health-dead-brand-new-theory/?source=RWN,http://thepoliticalinsider.com,1,BuzzFeed_Fake_82,Data1,Publisher23
BuzzfeedNews173,EXPOSED: Soros Funding Fake Veterans’ PAC To Take Trump Down,http://rightwingnews.com/top-news/exposed-soros-funding-fake-veterans-pac-to-take-trump-down/,http://rightwingnews.com,1,BuzzFeed_Fake_83,Data1,Publisher21
BuzzfeedNews174,OUTRAGE! Obama Spends $770M Dollars In Tax Payer Money To Renovate Mosques Over Seas… [VIDEO],http://rightwingnews.com/barack-obama/outrage-obama-spends-770m-dollars-tax-payer-money-renovate-mosques-seas-video/,http://rightwingnews.com,1,BuzzFeed_Fake_84,Data1,Publisher21
BuzzfeedNews175,BOOM! Marines Send TERRORISTS Scathing Message [VIDEO],http://rightwingnews.com/military/boom-marines-send-terrorists-scathing-message/,http://rightwingnews.com,1,BuzzFeed_Fake_85,Data1,Publisher21
BuzzfeedNews176,BOOM! Charlotte Officials FINALLY Silence Rioters With One E P I C Announcement! [VIDEO],http://rightwingnews.com/black-lives-matter/boom-charlotte-officials-finally-silence-rioters-one-e-p-c-announcement/,http://rightwingnews.com,1,BuzzFeed_Fake_86,Data1,Publisher21
BuzzfeedNews177,BREAKING: Steps to FORCE FBI Director Comey to Resign In Process – Hearing Decides His Fate Sept 28,http://rightwingnews.com/hillary-clinton-2/breaking-steps-force-fbi-director-comey-resign-process-hearing-decides-fate-sept-28/,http://rightwingnews.com,1,BuzzFeed_Fake_87,Data1,Publisher21
BuzzfeedNews178,Hillary’s TOP Donor Country Just Auctioned Off ISIS Sex Slaves…,http://rightwingnews.com/hillary-clinton-2/hillarys-top-donor-country-just-auctioned-off-isis-sex-slaves/,http://rightwingnews.com,1,BuzzFeed_Fake_88,Data1,Publisher21
BuzzfeedNews179,Cavuto Just Exposed Lester Holt's Lies During Debate,http://conservativetribune.com/lester-holt-lies-during-debate/?utm_source=Facebook&utm_medium=RightWingNews&utm_content=2016-09-27&utm_campaign=manualpost,http://conservativetribune.com,1,BuzzFeed_Fake_89,Data1,Publisher11
BuzzfeedNews180,"The AP, In 2004, Said Your Boy Obama Was BORN In This Particular Country",http://clashdaily.com/2016/09/dear-cnn-ap-2004-said-boy-obama-born-particular-country/?utm_source=referral&utm_medium=facebook.com&utm_campaign=lasmpfb,http://clashdaily.com,1,BuzzFeed_Fake_9,Data1,Publisher8
BuzzfeedNews181,People Noticed Something Odd About Hillary's Outfit,http://thepoliticalinsider.com/first-presidential-debate-hillary-clinton-sick/?source=RWN,http://thepoliticalinsider.com,1,BuzzFeed_Fake_90,Data1,Publisher23
BuzzfeedNews182,People Noticed Something Odd About Hillary’s Outfit at the Debate Last Night,http://rightwingnews.com/top-news/people-noticed-something-odd-hillarys-outfit-debate-last-night/,http://rightwingnews.com,1,BuzzFeed_Fake_91,Data1,Publisher21
PolitifactNews1,"Trump Just Insulted Millions Who Lost Everything In Bush's Recession, ""That's Just Business""",http://occupydemocrats.com/2016/09/27/trump-just-insulted-millions-lost-everything-bushs-recession-thats-just-business/,http://occupydemocrats.com,0.0,PolitiFact_Real_1,Data2,Publisher17
PolitifactNews2,Famous dog killed in spot she waited a year for her owner to return to! [VIDEO],http://rightwingnews.com/top-news/famous-dog-killed-spot-waited-year-owner-return/,http://rightwingnews.com,0.0,PolitiFact_Real_10,Data2,Publisher21
PolitifactNews3,House oversight panel votes Clinton IT chief in contempt,http://cnn.it/2deaH2d,http://cnn.it,0.0,PolitiFact_Real_100,Data2,Publisher9
PolitifactNews4,"America Just Tragically Lost A Country Music Icon, Please Pray For Jean Shepard’s Family",http://newsbake.com/entertainment-news/music-entertainment/america-just-tragically-lost-a-country-music-icon-please-pray-for-jean-shepards-family/?utm_source=Right+Wing+News&utm_medium=Arnold+Palmer%2F9%2F26&utm_content=Right+Wing+News%2FLegendary+Country%2F9%2F26,http://newsbake.com,0.0,PolitiFact_Real_101,Data2,Publisher61
PolitifactNews5,Monuments to the Battle for the New South,http://politi.co/2dd9U1x,http://politi.co,0.0,PolitiFact_Real_102,Data2,Publisher19
PolitifactNews6,"RACE TIED on debate day; Colo. and Pa. have turned tight -- CLINTON hosting more than 1,200 watch parties -- THE PLAYBOOK INTERVIEW: Stephanie Schriock -- B’DAY: Dave Weigel",http://politi.co/2dkzgKC,http://politi.co,0.0,PolitiFact_Real_103,Data2,Publisher19
PolitifactNews7,Giuliani slams Lester Holt for fact-checking like Candy Crowley,http://politi.co/2dd2Ajf,http://politi.co,0.0,PolitiFact_Real_104,Data2,Publisher19
PolitifactNews8,Kaine doesn't feel bad for Pence,http://politi.co/2cRoo3f,http://politi.co,0.0,PolitiFact_Real_105,Data2,Publisher19
PolitifactNews9,Anti-Trump Super PAC Launches Pre-Debate Video Featuring Hofstra Students,http://abcn.ws/2dgPtRo,http://abcn.ws,0.0,PolitiFact_Real_106,Data2,Publisher2
PolitifactNews10,Glenn Beck shares buyer's remorse on Cruz endorsement,http://politi.co/2dmOPx8,http://politi.co,0.0,PolitiFact_Real_107,Data2,Publisher19
PolitifactNews11,NY Gov. Andrew Cuomo disputes Trump's claim cops are 'afraid' to do their jobs,http://cnn.it/2d3tTeL,http://cnn.it,0.0,PolitiFact_Real_108,Data2,Publisher9
PolitifactNews12,Clinton economy speech to focus on valuing people with disabilities,http://cnn.it/2deB1Fu,http://cnn.it,0.0,PolitiFact_Real_109,Data2,Publisher9
PolitifactNews13,Trump: 'I was going to say something extremely rough' to Clinton,http://politi.co/2cYOq5I,http://politi.co,0.0,PolitiFact_Real_11,Data2,Publisher19
PolitifactNews14,The 8 Biggest Unforced Errors in Debate History,http://politi.co/2dlg4MU,http://politi.co,0.0,PolitiFact_Real_110,Data2,Publisher19
PolitifactNews15,Trump Calls For This Racist Policy To Be Forced On Every State,http://addictinginfo.org/2016/09/21/trump-calls-for-this-racist-policy-to-be-forced-on-every-state/,http://addictinginfo.org,0.0,PolitiFact_Real_111,Data2,Publisher3
PolitifactNews16,Obama Claims It Will Be A Personal Insult If You Don’t Vote For Hillary [VIDEO],http://rightwingnews.com/top-news/obama-claims-will-personal-insult-dont-vote-hillary-video/,http://rightwingnews.com,0.0,PolitiFact_Real_112,Data2,Publisher21
PolitifactNews17,Robert Kennedy Would Have Hated Donald Trump,http://politi.co/2cGb5l5,http://politi.co,0.0,PolitiFact_Real_113,Data2,Publisher19
PolitifactNews18,Is West Virginia Holding America’s Weirdest Election?,http://politi.co/2d2EDuM,http://politi.co,0.0,PolitiFact_Real_114,Data2,Publisher19
PolitifactNews19,This Was the Trump Hillary Wanted America to See—But Did It Work?,http://politi.co/2dcfCgO,http://politi.co,0.0,PolitiFact_Real_115,Data2,Publisher19
PolitifactNews20,Pence: There's too much talk of police department 'racism',http://politi.co/2cUFU8G,http://politi.co,0.0,PolitiFact_Real_116,Data2,Publisher19
PolitifactNews21,Trump Jr. Once Again Shows His Lack Of Humanity With Disgusting Tweet About Syrian Refugees,http://addictinginfo.org/2016/09/20/trump-jr-once-again-shows-his-lack-of-humanity-with-disgusting-tweet-about-syrian-refugees/,http://addictinginfo.org,0.0,PolitiFact_Real_117,Data2,Publisher3
PolitifactNews22,Clinton demands Charlotte police video release 'without delay',http://politi.co/2d6lgRT,http://politi.co,0.0,PolitiFact_Real_118,Data2,Publisher19
PolitifactNews23,"Muslim Afghani Rapes 2-YEAR-OLD, Gets 2 Years in Prison…Declares Himself ‘Superstar’ – Eagle Rising",http://eaglerising.com/36944/muslim-afghani-rapes-2-year-old-gets-2-years-in-prison-declares-himself-superstar/,http://eaglerising.com,0.0,PolitiFact_Real_119,Data2,Publisher12
PolitifactNews24,Trump needles Clinton: ‘Sleep well Hillary — see you at the debate!’,http://politi.co/2cGp6EH,http://politi.co,0.0,PolitiFact_Real_12,Data2,Publisher19
PolitifactNews25,"TRUTH COMES OUT! Keith Lamont Scott's Did This To His Wife Last Year and She Said ""He is a Killer""  Freedom Daily",http://freedomdaily.com/truth-comes-keith-lamont-scotts-wife-last-year-said-killer/,http://freedomdaily.com,0.0,PolitiFact_Real_120,Data2,Publisher13
PolitifactNews26,"Trump Won’t Tell America Where His Products Are Made, So Here’s A Handy Guide (IMAGES)",http://addictinginfo.org/2016/09/26/trump-wont-tell-america-where-his-products-are-made-so-heres-a-handy-guide-images/,http://addictinginfo.org,0.0,PolitiFact_Real_13,Data2,Publisher3
PolitifactNews27,Black Caucus marches to DOJ to protest shootings,http://politi.co/2cTzPJz,http://politi.co,0.0,PolitiFact_Real_14,Data2,Publisher19
PolitifactNews28,Trump Silent As Police Credit A Sikh Immigrant With Capturing NYC Bomber,http://occupydemocrats.com/2016/09/20/trump-silent-police-credit-sikh-immigrant-capturing-nyc-bomber/,http://occupydemocrats.com,0.0,PolitiFact_Real_15,Data2,Publisher17
PolitifactNews29,Clinton on Trump's birther claim: A 'racist lie',http://politi.co/2d25FGy,http://politi.co,0.0,PolitiFact_Real_16,Data2,Publisher19
PolitifactNews30,When does early voting start in every state?,http://politi.co/2d3R8Jw,http://politi.co,0.0,PolitiFact_Real_17,Data2,Publisher19
PolitifactNews31,Rep. Peter King: We shouldn't be 'pandering' to political correctness,http://politi.co/2cNmBKW,http://politi.co,0.0,PolitiFact_Real_18,Data2,Publisher19
PolitifactNews32,28-year-old man sought in Manhattan blast,http://politi.co/2cjO7Ux,http://politi.co,0.0,PolitiFact_Real_19,Data2,Publisher19
PolitifactNews33,Trump Campaign Chair Says Racism Didn't Exist Before Obama In Viral Rant,http://occupydemocrats.com/2016/09/22/unhinged-trump-campaign-chair-says-racism-didnt-exist-obama-viral-rant-2/,http://occupydemocrats.com,0.0,PolitiFact_Real_2,Data2,Publisher17
PolitifactNews34,"Christie among the most unpopular governors in the country, poll finds",http://politi.co/2cZxICx,http://politi.co,0.0,PolitiFact_Real_20,Data2,Publisher19
PolitifactNews35,"Donald Trump, Hillary Clinton Spar Over Taxes in First Presidential Debate",http://abcn.ws/2dnuLiI,http://abcn.ws,0.0,PolitiFact_Real_21,Data2,Publisher2
PolitifactNews36,Look What Was Just SPOTTED Inside The Student Center At Hofstra University,http://chicksontheright.com/hofstra-universitys-student-union-puts-trigger-warning-ahead-tonights-debate/?utm_source=RWN&utm_medium=RWN&utm_campaign=RWN,http://chicksontheright.com,0.0,PolitiFact_Real_22,Data2,Publisher7
PolitifactNews37,Early Voting In North Carolina Shows GREAT NEWS For Democrats,http://author.addictinginfo.org/2016/09/23/early-voting-in-north-carolina-shows-great-news-for-democrats/,http://author.addictinginfo.org,0.0,PolitiFact_Real_23,Data2,Publisher5
PolitifactNews38,Cop Dies From Tuberculosis After Suspect Spat At Her,http://opposingviews.com/i/health/female-cop-dies-disease-after-criminal-spits-her-face-during-arrest?fb=rwn,http://opposingviews.com,0.0,PolitiFact_Real_24,Data2,Publisher18
PolitifactNews39,UK Begins Construction On “Great Wall” – Meant to Keep Illegal Migrants OUT (VIDEO),http://rightwingnews.com/europe/uk-begins-construction-great-wall-meant-keep-illegal-migrants-video/,http://rightwingnews.com,0.0,PolitiFact_Real_25,Data2,Publisher21
PolitifactNews40,"Donald Trump, Germany’s disfavored son – POLITICO",http://politi.co/2df6xHB,http://politi.co,0.0,PolitiFact_Real_26,Data2,Publisher19
PolitifactNews41,NFL Superstar Unleashes 4 Word Bombshell on Reporter Pushing Him to Protest Anthem,http://conservativebyte.com/2016/09/finally-some-common-sense-in-charlotte-we-should-applaud-this-young-man/,http://conservativebyte.com,0.0,PolitiFact_Real_27,Data2,Publisher10
PolitifactNews42,Trump team talking to veteran GOP ad man Elsass,http://politi.co/2d2BkGM,http://politi.co,0.0,PolitiFact_Real_28,Data2,Publisher19
PolitifactNews43,McCrory calls state of emergency in Charlotte after unrest,http://politi.co/2d5L43j,http://politi.co,0.0,PolitiFact_Real_29,Data2,Publisher19
PolitifactNews44,'Locked the black bitch out': White students under investigation after racist Snapchat reveals campus harassment,nan,nan,0.0,PolitiFact_Real_3,Data2,Publisher28
PolitifactNews45,"Donald Trump Calls for Nationwide Stop-and-Frisk Policy, Then Rolls It Back",http://abcn.ws/2ddGVux,http://abcn.ws,0.0,PolitiFact_Real_30,Data2,Publisher2
PolitifactNews46,UN to resume Syria aid deliveries – POLITICO,http://politi.co/2cNdAY7,http://politi.co,0.0,PolitiFact_Real_31,Data2,Publisher19
PolitifactNews47,"KISS’ Gene Simmons: “You Want to Win the War on Terror? Profile Everyone, Profile ME!” [VIDEO]",http://rightwingnews.com/celebrities/kiss-gene-simmons-want-win-war-terror-profile-everyone-profile/,http://rightwingnews.com,0.0,PolitiFact_Real_32,Data2,Publisher21
PolitifactNews48,Kerry says Syrian diplomacy at impasse after truce collapses,http://politi.co/2cURhx8,http://politi.co,0.0,PolitiFact_Real_33,Data2,Publisher19
PolitifactNews49,Ford Motor CEO Says Trump Is Lying AGAIN! Company Is NOT Moving U.S. Operations To Mexico,http://liberalamerica.org/2016/09/17/ford-motor-ceo-says-trump-lying-company-not-moving-u-s-operations-mexico/,http://liberalamerica.org,0.0,PolitiFact_Real_34,Data2,Publisher56
PolitifactNews50,"BREAKING: Toby Keith Forced To Cancel Show, I Didn’t Expect This",http://newsbake.com/entertainment-news/music-entertainment/breaking-toby-keith-forced-cancel-show-didnt-expect/?utm_source=Right+Wing+News&utm_medium=Toby+Keith%2F9%2F23&utm_content=Right+Wing+News%2FToby+Keith%2F9%2F23,http://newsbake.com,0.0,PolitiFact_Real_35,Data2,Publisher61
PolitifactNews51,"Clinton, Trump meet world leaders for very different reasons",http://cnn.com/2016/09/19/politics/trump-clinton-egypt-fattah-el-sisi/index.html,http://cnn.com,0.0,PolitiFact_Real_36,Data2,Publisher39
PolitifactNews52,Road to 270: CNN's general election map,http://cnn.it/2cVdQBY,http://cnn.it,0.0,PolitiFact_Real_37,Data2,Publisher9
PolitifactNews53,North Korea at UN: US faces 'tremendous consequences',http://cnn.it/2cVh9ZP,http://cnn.it,0.0,PolitiFact_Real_38,Data2,Publisher9
PolitifactNews54,“See What Happens to Her!” [VIDEO] – Eagle Rising,http://eaglerising.com/36873/trump-challenges-hillary-to-disarm-her-bodyguards-see-what-happens-to-her-video/,http://eaglerising.com,0.0,PolitiFact_Real_39,Data2,Publisher12
PolitifactNews55,Massive Protests Erupt In North Carolina After Police Kill Disabled Black Man,http://occupydemocrats.com/2016/09/21/massive-protests-erupt-north-carolina-police-kill-disabled-black-man/,http://occupydemocrats.com,0.0,PolitiFact_Real_4,Data2,Publisher17
PolitifactNews56,LA Police Commission Tells Officers How To Deal With Armed Suspects And It Is INSANE  Freedom Daily,http://freedomdaily.com/la-police-commission-officers-armed-suspects/,http://freedomdaily.com,0.0,PolitiFact_Real_40,Data2,Publisher13
PolitifactNews57,"ABC News – Breaking News, Latest News, Headlines & Videos",http://abcn.ws/2cCz75G,http://abcn.ws,0.0,PolitiFact_Real_41,Data2,Publisher2
PolitifactNews58,Worst. President. Ever.,http://politi.co/2cGdput,http://politi.co,0.0,PolitiFact_Real_42,Data2,Publisher19
PolitifactNews59,"Texas, California Separatists Attend Kremlin-Funded Conference",http://abcn.ws/2d7uFbf,http://abcn.ws,0.0,PolitiFact_Real_43,Data2,Publisher2
PolitifactNews60,"Obama, in an awkward twist, becomes Saudi Arabia's defender",http://politi.co/2deClfw,http://politi.co,0.0,PolitiFact_Real_44,Data2,Publisher19
PolitifactNews61,McConnell punts budget vote to buy time for deal,http://politi.co/2cksDqD,http://politi.co,0.0,PolitiFact_Real_45,Data2,Publisher19
PolitifactNews62,Former Miss Universe sizes up Melania Trump: 'I think I speak more English',http://politi.co/2dpRUAG,http://politi.co,0.0,PolitiFact_Real_46,Data2,Publisher19
PolitifactNews63,Ivanka Trump to meet with female Republican Congress members,http://cnn.it/2ddRwBq,http://cnn.it,0.0,PolitiFact_Real_47,Data2,Publisher9
PolitifactNews64,Barney Frank: Tea party outmaneuvered Democrats,http://cnn.it/2dtCBUb,http://cnn.it,0.0,PolitiFact_Real_48,Data2,Publisher9
PolitifactNews65,BREAKING: North Carolina Drops Anti-LGBT 'Bathroom Bill' Lawsuit Against US,nan,nan,0.0,PolitiFact_Real_49,Data2,Publisher28
PolitifactNews66,Howard Dean ROASTS Trump Over Debate Sniffles: ‘Coke User’? (TWEETS),http://addictinginfo.org/2016/09/27/howard-dean-roasts-trump-over-debate-sniffles-cocaine-user-tweets/,http://addictinginfo.org,0.0,PolitiFact_Real_5,Data2,Publisher3
PolitifactNews67,Obama: 'There's a reason why we haven't had a woman President',http://cnn.it/2cx93na,http://cnn.it,0.0,PolitiFact_Real_50,Data2,Publisher9
PolitifactNews68,"Michelle Obama jokes about Melania Trump plagiarism: 'Yeah, that was tough'",http://cnn.it/2dguLNq,http://cnn.it,0.0,PolitiFact_Real_51,Data2,Publisher9
PolitifactNews69,NFL Superstar Unleashes 4 Word Bombshell on Reporter Pushing Him to Protest Anthem,http://conservativebyte.com/2016/09/our-nations-top-general-troubled-by-u-s-cash-to-iran/,http://conservativebyte.com,0.0,PolitiFact_Real_52,Data2,Publisher10
PolitifactNews70,Trump Gets ANNIHILATED On Twitter After He Pretends He Didn’t Just Trash Police Officers (TWEETS),http://addictinginfo.org/2016/09/19/trump-gets-annihilated-on-twitter-after-he-pretends-he-didnt-just-trash-police-officers-tweets/,http://addictinginfo.org,0.0,PolitiFact_Real_53,Data2,Publisher3
PolitifactNews71,"Good News Folks, God Is Now Protecting Donald Trump From A ‘Concentrated Satanic Attack’ (VIDEO)",http://addictinginfo.org/2016/09/23/good-news-folks-god-is-now-protecting-donald-trump-from-a-concentrated-satanic-attack-video/,http://addictinginfo.org,0.0,PolitiFact_Real_54,Data2,Publisher3
PolitifactNews72,"McConnell, Pelosi, Ryan seek deal on government funding impasse",http://politi.co/2d6WORj,http://politi.co,0.0,PolitiFact_Real_55,Data2,Publisher19
PolitifactNews73,Libertarian candidates: We will alter course of the election,http://politi.co/2cj6KrE,http://politi.co,0.0,PolitiFact_Real_56,Data2,Publisher19
PolitifactNews74,NFL Superstar Unleashes 4 Word Bombshell on Reporter Pushing Him to Protest Anthem,http://conservativebyte.com/2016/09/cnn-panel-gets-so-heated-host-pulls-the-plug-video/,http://conservativebyte.com,0.0,PolitiFact_Real_57,Data2,Publisher10
PolitifactNews75,Trump hints Obama to blame for Charlotte unrest,http://politi.co/2cJlAWU,http://politi.co,0.0,PolitiFact_Real_58,Data2,Publisher19
PolitifactNews76,"US boy, six, asks Obama if he can adopt Omran Daqneesh",http://cnn.it/2cTxgav,http://cnn.it,0.0,PolitiFact_Real_59,Data2,Publisher9
PolitifactNews77,"New York Times Will FINALLY Start Calling Trump A ""Liar""",http://occupydemocrats.com/2016/09/20/just-new-york-times-will-finally-start-calling-trump-liar/,http://occupydemocrats.com,0.0,PolitiFact_Real_6,Data2,Publisher17
PolitifactNews78,Trump 'happy' he didn't bring up Bill Clinton's affairs,http://politi.co/2czkZc8,http://politi.co,0.0,PolitiFact_Real_60,Data2,Publisher19
PolitifactNews79,How Congress Can Override President Obama's Veto of the 9/11 Bill,http://abcn.ws/2d7sJ2y,http://abcn.ws,0.0,PolitiFact_Real_61,Data2,Publisher2
PolitifactNews80,Trump Campaign Chair Says Racism Didn’t Exist Before Obama – Promptly Resigns,http://author.addictinginfo.org/2016/09/22/trump-campaign-chair-says-racism-didnt-exist-before-obama-promptly-resigns/,http://author.addictinginfo.org,0.0,PolitiFact_Real_62,Data2,Publisher5
PolitifactNews81,"Obama, Biden honor Arnold Palmer",http://cnn.it/2d3KEZt,http://cnn.it,0.0,PolitiFact_Real_63,Data2,Publisher9
PolitifactNews82,DOJ: Chinese company tried to evade U.S. sanctions against North Korea,http://politi.co/2cykLBS,http://politi.co,0.0,PolitiFact_Real_64,Data2,Publisher19
PolitifactNews83,Debate breaks record as most-watched in U.S. history,http://cnn.it/2dwwCh9,http://cnn.it,0.0,PolitiFact_Real_65,Data2,Publisher9
PolitifactNews84,NATO chief counterattacks against Donald Trump – POLITICO,http://politi.co/2d15Len,http://politi.co,0.0,PolitiFact_Real_66,Data2,Publisher19
PolitifactNews85,Reality Check: Was 'stop-and-frisk' effective?,http://cnn.it/2cp0zgU,http://cnn.it,0.0,PolitiFact_Real_67,Data2,Publisher9
PolitifactNews86,Trump Jr. defends Skittles tweet: 'I don't deal in microaggression',http://cnn.it/2dl3hpQ,http://cnn.it,0.0,PolitiFact_Real_68,Data2,Publisher9
PolitifactNews87,Obama nominates ambassador to Cuba in long-shot move,http://politi.co/2dqcRvf,http://politi.co,0.0,PolitiFact_Real_69,Data2,Publisher19
PolitifactNews88,Conservatives Throw A Hissy Fit Because Michelle Obama Talked About Slavery At Black History Museum,http://author.addictinginfo.org/2016/09/23/conservatives-throw-a-hissy-fit-because-michelle-obama-talked-about-slavery-at-black-history-museum/,http://author.addictinginfo.org,0.0,PolitiFact_Real_7,Data2,Publisher5
PolitifactNews89,"Hillary Clinton leads Donald Trump by 6 points, according to national poll",http://cnn.it/2cRGTGk,http://cnn.it,0.0,PolitiFact_Real_70,Data2,Publisher9
PolitifactNews90,Hateful Arizona Pastor Deported From Botswana After Saying Gays Should Be ‘Stoned to Death’ (VIDEO),http://addictinginfo.org/2016/09/20/hateful-arizona-pastor-deported-from-botswana-after-saying-gays-should-be-stoned-to-death-video/,http://addictinginfo.org,0.0,PolitiFact_Real_71,Data2,Publisher3
PolitifactNews91,Twitter Just Wrecked Donald Trump After Horrible Attack On ‘Black Communities’ (TWEETS) ‹ Opposition Report,http://winningdemocrats.com/twitter-just-wrecked-donald-trump-after-horrible-attack-on-black-communities-tweets/,http://winningdemocrats.com,0.0,PolitiFact_Real_72,Data2,Publisher26
PolitifactNews92,Meet This Week's White Texan Terrorist Trump Isn't Talking About,http://occupydemocrats.com/2016/09/20/meet-weeks-white-texan-terrorist-trump-isnt-talking/,http://occupydemocrats.com,0.0,PolitiFact_Real_73,Data2,Publisher17
PolitifactNews93,McConnell plays hardball in spending fight,http://politi.co/2cGf4xO,http://politi.co,0.0,PolitiFact_Real_74,Data2,Publisher19
PolitifactNews94,What the US government can and cannot do to US citizens suspected of terrorism,http://cnn.it/2d6Dcug,http://cnn.it,0.0,PolitiFact_Real_75,Data2,Publisher9
PolitifactNews95,Trump received $1.6 million from Secret Service,http://politi.co/2cQ4Ssc,http://politi.co,0.0,PolitiFact_Real_76,Data2,Publisher19
PolitifactNews96,"ABC News – Breaking News, Latest News, Headlines & Videos",http://abcn.ws/2cLOLtg,http://abcn.ws,0.0,PolitiFact_Real_77,Data2,Publisher2
PolitifactNews97,"Ivanka Trump, Paul Ryan meet",http://cnn.it/2d6HcPU,http://cnn.it,0.0,PolitiFact_Real_78,Data2,Publisher9
PolitifactNews98,Schumer transfers millions to Dems in bid for Senate takeover,http://politi.co/2cYJWvx,http://politi.co,0.0,PolitiFact_Real_79,Data2,Publisher19
PolitifactNews99,"Trump Said Not Paying Taxes Makes Him ""Smart."" Mark Cuban's Response Is Powerful",http://occupydemocrats.com/2016/09/28/trump-said-not-paying-taxes-makes-smart-mark-cubans-response-powerful/,http://occupydemocrats.com,0.0,PolitiFact_Real_8,Data2,Publisher17
PolitifactNews100,Transparent creator Jill Soloway compares 'monster' Trump to Hitler after Emmy win,http://cnn.it/2d5RPSS,http://cnn.it,0.0,PolitiFact_Real_80,Data2,Publisher9
PolitifactNews101,Airstrikes Bury Syrians in Aleppo - ABC News,http://abcn.ws/2d6AS7G,http://abcn.ws,0.0,PolitiFact_Real_81,Data2,Publisher2
PolitifactNews102,America's relationships are on the line — no matter who wins,http://politi.co/2d1xPwp,http://politi.co,0.0,PolitiFact_Real_82,Data2,Publisher19
PolitifactNews103,The Word Liberals are TERRIFIED Of – Eagle Rising,http://eaglerising.com/36863/terrorism-the-word-liberals-are-terrified-of/,http://eaglerising.com,0.0,PolitiFact_Real_83,Data2,Publisher12
PolitifactNews104,"Clint Eastwood Had Enough, Blows Up On Hillary And Obama… Liberals",http://freedomdaily.com/clint-eastwood-had-enough-blows-up-on-hillary-and-obama-liberals-are-furious/,http://freedomdaily.com,0.0,PolitiFact_Real_84,Data2,Publisher13
PolitifactNews105,Italian prime minister jokes about Bill Clinton as 'first gentleman',http://politi.co/2d2O8t0,http://politi.co,0.0,PolitiFact_Real_85,Data2,Publisher19
PolitifactNews106,WWII Veteran Pens Brutal Op-Ed Slamming Draft-Dodging Trump,http://occupydemocrats.com/2016/09/26/wwii-veteran-pens-brutal-op-ed-slamming-draft-dodging-trump/,http://occupydemocrats.com,0.0,PolitiFact_Real_86,Data2,Publisher17
PolitifactNews107,Louisiana Cop Claims Murdering A 6-Year Old Child Was Self-Defense,http://author.addictinginfo.org/2016/09/23/louisiana-cop-claims-murdering-a-6-year-old-child-was-self-defense/,http://author.addictinginfo.org,0.0,PolitiFact_Real_87,Data2,Publisher5
PolitifactNews108,"Paul Ryan defends Donald Trump, dodges on Machado comment",http://cnn.it/2dx08Ud,http://cnn.it,0.0,PolitiFact_Real_88,Data2,Publisher9
PolitifactNews109,Trump launches 'Crooked Hillary' Snapchat filter for debate,http://cnn.it/2du7wQg,http://cnn.it,0.0,PolitiFact_Real_89,Data2,Publisher9
PolitifactNews110,"Trump Said Not Paying Taxes Makes Him ""Smart."" Mark Cuban's Response Is Powerful",http://occupydemocrats.com/2016/09/28/trump-said-not-paying-taxes-makes-smart-mark-cubans-response-powerful/,http://occupydemocrats.com,0.0,PolitiFact_Real_9,Data2,Publisher17
PolitifactNews111,Lawyer Jailed For Wearing Black Lives Matter Pin In Court,http://opposingviews.com/i/society/judge-took-one-look-what-lawyer-had-pinned-her-shirt-and-told-her-without-hesitation-youre?fb=rwn,http://opposingviews.com,0.0,PolitiFact_Real_90,Data2,Publisher18
PolitifactNews112,Charity: Clinton Foundation Distributed “Watered-Down” AIDS Drugs to Sub-Saharan Africa – Eagle Rising,http://eaglerising.com/36899/charity-clinton-foundation-distributed-watered-down-aids-drugs-to-sub-saharan-africa/,http://eaglerising.com,0.0,PolitiFact_Real_91,Data2,Publisher12
PolitifactNews113,Trump’s High-Energy War on American Politics,http://politi.co/2cZBGip,http://politi.co,0.0,PolitiFact_Real_92,Data2,Publisher19
PolitifactNews114,Donald Trump is RIGHT on Profiling [VIDEO] – Eagle Rising,http://eaglerising.com/37033/bill-maher-donald-trump-is-right-on-profiling-video/,http://eaglerising.com,0.0,PolitiFact_Real_93,Data2,Publisher12
PolitifactNews115,Hillary Clinton prepares for unpredictable Trump at presidential debate,http://cnn.it/2cMNF03,http://cnn.it,0.0,PolitiFact_Real_94,Data2,Publisher9
PolitifactNews116,"Donald Trump, Germany’s disfavored son – POLITICO",http://politi.co/2csN1WG,http://politi.co,0.0,PolitiFact_Real_95,Data2,Publisher19
PolitifactNews117,BREAKING: Hollywood Legend Just Died Of Terrible Disease,http://newsbake.com/entertainment-news/tv/breaking-hollywood-legend-just-died-terrible-disease/?utm_source=Right+Wing+News&utm_medium=hollywood%2F9%2F19&utm_campaign=Right+Wing+News%2Fhollywood%2F9%2F19,http://newsbake.com,0.0,PolitiFact_Real_96,Data2,Publisher61
PolitifactNews118,Worst. President. Ever.,http://politi.co/2d1qa5t,http://politi.co,0.0,PolitiFact_Real_97,Data2,Publisher19
PolitifactNews119,Don King drops N-word while introducing Donald Trump,http://cnn.it/2dh5vq9,http://cnn.it,0.0,PolitiFact_Real_98,Data2,Publisher9
PolitifactNews120,Donald Trump Jr. Compares Syrian Refugees to Skittles,http://abcn.ws/2cFVuaq,http://abcn.ws,0.0,PolitiFact_Real_99,Data2,Publisher2
PolitifactNews121,Virginia Republican Wants Schools To Check Children's Genitals Before Using Bathroom,http://occupydemocrats.com/virginia-republican-wants-schools-to-check-childrens-genitals-before-using-bathroom/,http://occupydemocrats.com,1.0,PolitiFact_Fake_1,Data2,Publisher17
PolitifactNews122,PUTIN INTERFERENCE COULD GIVE COURTS LEGAL RIGHT TO MAKE HILLARY PRESIDENT,http://usasnich.com/breaking-putin-interference-could-give-courts-legal-right-to-make-hillary-president/,http://usasnich.com,1.0,PolitiFact_Fake_10,Data2,Publisher92
PolitifactNews123,Barrels Removed From Clinton Property Contained Parts From 3 Missing Women – Freedum Junkshun,http://freedomcrossroads.us/breaking-barrels-removed-from-clinton-property-contained-parts-from-3-missing-women/,http://freedomcrossroads.us,1.0,PolitiFact_Fake_100,Data2,Publisher51
PolitifactNews124,Massive Bumble Bee Recall After 2 Employees Admit Cooking A Man And Mixing Him With A Batch Of Tuna,nan,nan,1.0,PolitiFact_Fake_101,Data2,Publisher28
PolitifactNews125,JUST IN TODAY Trey Gowdy Is The NEW DIRECTOR Of The FBI,nan,nan,1.0,PolitiFact_Fake_102,Data2,Publisher28
PolitifactNews126,BREAKING: Johnny Depp Taken Into Custody By Secret Service,http://snoopack.com/2017/06/24/breaking-johnny-depp-taken-custody-secret-service/,http://snoopack.com,1.0,PolitiFact_Fake_103,Data2,Publisher74
PolitifactNews127,State Of Minnesota Has Just Handed Over FULL CONTROL To Muslims So They Can Take Down ‘Infidels’,http://politicalmayhem.news/state-minnesota-just-handed-full-control-muslims-can-take-infidels/,http://politicalmayhem.news,1.0,PolitiFact_Fake_104,Data2,Publisher67
PolitifactNews128,Manager killed 10 employees at checkers on 183st and 27ave,http://channel24news.com/2017/06/manager-killed-10-employees-at-checkers-on-183st-and-27ave/,http://channel24news.com,1.0,PolitiFact_Fake_105,Data2,Publisher38
PolitifactNews129,Paul Ryan: “Donald Trump Plans To Resign From Office Within The Next 30 Days”,http://stgeorgegazette.com/trump-plans-to-resign-within-30-days/,http://stgeorgegazette.com,1.0,PolitiFact_Fake_106,Data2,Publisher76
PolitifactNews130,Australia Becomes First Country To Begin Microchipping Its Public,http://nativestuff.us/2017/06/australia-becomes-first-country-to-begin-microchipping-its-public/,http://nativestuff.us,1.0,PolitiFact_Fake_107,Data2,Publisher58
PolitifactNews131,“Trump Has The Legal Right To Cancel SCOTUS Because They Serve At His Pleasure”,http://uspoln.com/2017/06/21/spicer-trump-legal-right-cancel-scotus-serve-pleasure/,http://uspoln.com,1.0,PolitiFact_Fake_108,Data2,Publisher94
PolitifactNews132,The Democrat James Comey Has Been Having An Affair With Was JUST REVEALED! (DETAILS) – Freedum Junkshun,http://freedomcrossroads.us/james-comey-affair-revealed/,http://freedomcrossroads.us,1.0,PolitiFact_Fake_109,Data2,Publisher51
PolitifactNews133,War on Christmas Obama orders ban on Christmas cards to military,nan,nan,1.0,PolitiFact_Fake_11,Data2,Publisher28
PolitifactNews134,“White People Have Suffered More In The Last 8 Years Than Blacks Did During Couple Years Of Slavery”,http://uspoln.com/2017/07/07/bachmann-white-people-suffered-last-8-years-blacks-couple-years-slavery/,http://uspoln.com,1.0,PolitiFact_Fake_110,Data2,Publisher94
PolitifactNews135,"Paul Ryan: “22 Million Americans Choose To Be Poor, So It’s Their Own Problem If They Can’t Afford To Be Healthy”",http://politicot.com/paul-ryan-22-million-americans-choose-poor-problem-cant-afford-healthy/,http://politicot.com,1.0,PolitiFact_Fake_111,Data2,Publisher69
PolitifactNews136,Obama Goes To G20 Summit,http://world-politicus.com/2017/07/08/obama-goes-g20-summit/,http://world-politicus.com,1.0,PolitiFact_Fake_112,Data2,Publisher100
PolitifactNews137,CNN Host Fareed Zakaria Calls For Jihad Rape Of White Women – TEO info,http://teoinfo.com/2017/06/30/cnn-host-fareed-zakaria-calls-for-jihad-rape-of-white-women/,http://teoinfo.com,1.0,PolitiFact_Fake_113,Data2,Publisher79
PolitifactNews138,White House Chef Quits Because Trump Has Only Eaten Fast Food For 6 Months – The Halfway Post,http://halfwaypost.com/2017/07/06/white-house-chef-quits-because-trump-has-only-eaten-fast-food-for-6-months/,http://halfwaypost.com,1.0,PolitiFact_Fake_114,Data2,Publisher52
PolitifactNews139,Oscar Pistorious commits suicide in Prison – City Herald,http://fb.me/4u3Pw8xq8,http://fb.me,1.0,PolitiFact_Fake_115,Data2,Publisher47
PolitifactNews140,"""The 2nd Amendment Was Written Before Guns Were Invented""",http://redherald.com/gretchen-carlson-2nd-amendment-written-guns-invented/,http://redherald.com,1.0,PolitiFact_Fake_116,Data2,Publisher72
PolitifactNews141,A Hollywood Star Is Moving To Canada Because Of President Trump,http://conservativearmy88.com/breaking-hollywood-star-moving-canada-president-trump/,http://conservativearmy88.com,1.0,PolitiFact_Fake_117,Data2,Publisher41
PolitifactNews142,Russian Mansions Obama Seized Were Meant To Be Illegal Gifts To Sasha And Malia – News Feed Hunter,http://breaking.newsfeedhunter.com/russian-mansions-obama-seized-were-meant-to-be-illegal-gifts-to-sasha-and-malia/,http://breaking.newsfeedhunter.com,1.0,PolitiFact_Fake_118,Data2,Publisher36
PolitifactNews143,"Barack Obama Tweets SICK Attack On John McCain, Says He Should Have Died",http://dailythings.world/2017/07/20/barack-obama-tweets-sick-attack-john-mccain-says-died/,http://dailythings.world,1.0,PolitiFact_Fake_119,Data2,Publisher43
PolitifactNews144,Breaking Crew Of Air Force One Refuses To Fly Obama 6000 Miles ‘Just To Play Golf,nan,nan,1.0,PolitiFact_Fake_12,Data2,Publisher28
PolitifactNews145,Wasserman Schultz Going To Mental Hospital After What She Did Overnight Desperate To Escape Arrest,http://usadailynews24.com/wasserman-schultz-going-mental-hospital-overnight-desperate-escape-arrest/,http://usadailynews24.com,1.0,PolitiFact_Fake_120,Data2,Publisher89
PolitifactNews146,ELECTORAL COLLEGE ELECTOR COMMITS SUICIDE TO AVOID VOTING FOR DONALD TRUMP,http://universepolitics.com/2016/12/19/electoral-college-elector-commits-suicide-to-avoid-voting-for-donald-trump/,http://universepolitics.com,1.0,PolitiFact_Fake_13,Data2,Publisher88
PolitifactNews147,Donald Trump Dead From A Fatal HEART ATTACK!,http://thenewyorkevening.com/index.php/2016/12/19/donald-trump-dead-fatal-heart-attack/,http://thenewyorkevening.com,1.0,PolitiFact_Fake_14,Data2,Publisher83
PolitifactNews148,“Koran And Holy Bible Are The Same”,http://usasnich.com/pope-francis-to-followers-koran-and-holy-bible-are-the-same/,http://usasnich.com,1.0,PolitiFact_Fake_15,Data2,Publisher92
PolitifactNews149,"Mom applies a remedy to her baby, moments later he dies. Be careful with this, moms!",http://smag31.com/mom-applies-remedy-baby-moments-later-dies-careful-moms/,http://smag31.com,1.0,PolitiFact_Fake_16,Data2,Publisher73
PolitifactNews150,"Bill Murray Had This to Say About Rochester, New Hampshire Residents – News Daily 12",http://newsdaily12.com/rochester-new-hampshire/bill-murray-had-this-to-say-about-rochester-new-hampshire-residents/,http://newsdaily12.com,1.0,PolitiFact_Fake_17,Data2,Publisher62
PolitifactNews151,WE WILL RIOT Michelle Obama’s Mom Will Receive 160k Every Year Out Of Taxpayers’ Pockets,nan,nan,1.0,PolitiFact_Fake_18,Data2,Publisher28
PolitifactNews152,Donald Trump warns outgoing Ghana President – USA Radio,http://usa-radio.com/donald-trump-warns-outgoing-ghana-president/,http://usa-radio.com,1.0,PolitiFact_Fake_19,Data2,Publisher101
PolitifactNews153,"Denzel Washington Switches to Trump Shocks Hollywood-, Speaks Out Against Obama",http://americanpoliticnews.com/news/denzel-washington-switches-trump-shocks-hollywood-speaks-obama/,http://americanpoliticnews.com,1.0,PolitiFact_Fake_2,Data2,Publisher30
PolitifactNews154,Confirmed Justice Ruth Bader Ginsburg is RESIGNING From The Post of Associate Justice of the Supreme Court,nan,nan,1.0,PolitiFact_Fake_20,Data2,Publisher28
PolitifactNews155,Meryl Streep Just Got Fired From A Major Project For Lying About Trump – Americas Last Line of Defense,http://thelastlineofdefense.org/breaking-meryl-streep-just-got-fired-from-a-major-project-for-lying-about-trump/,http://thelastlineofdefense.org,1.0,PolitiFact_Fake_21,Data2,Publisher81
PolitifactNews156,Mike Pence: “Allowing Rape Victims To Have Abortions Will Lead To Women Trying To Get Raped”,http://politicot.com/mike-pence-allowing-rape-victims-abortions-will-lead-women-trying-get-raped/,http://politicot.com,1.0,PolitiFact_Fake_22,Data2,Publisher69
PolitifactNews157,Barrack Obama will be on new 1 dollar bill 2017,nan,nan,1.0,PolitiFact_Fake_23,Data2,Publisher28
PolitifactNews158,cnnews3.com -&nbspcnnews3 Resources and Information.,http://cnnews3.com/hiv-virus-detected-walmart-bananas-10-year-old-boy-contracts-virus/,http://cnnews3.com,1.0,PolitiFact_Fake_24,Data2,Publisher40
PolitifactNews159,Executive Order Leads to Capture of ISIS Leader Rasheed Muhammad,nan,nan,1.0,PolitiFact_Fake_25,Data2,Publisher28
PolitifactNews160,BREAKING! President Trump Makes ENGLISH The OFFICIAL LANGUAGE OF THE United States!,http://donaldtrumppotus45.com/2017/01/26/breaking-president-trump-makes-english-the-official-language-of-the-united-states/,http://donaldtrumppotus45.com,1.0,PolitiFact_Fake_26,Data2,Publisher45
PolitifactNews161,Idaho Mother Sentenced To Prison After Multiple Citations For Breastfeeding In Public,nan,nan,1.0,PolitiFact_Fake_27,Data2,Publisher28
PolitifactNews162,New law now charging all violent protesters with terrorism spread the news and share this,nan,nan,1.0,PolitiFact_Fake_28,Data2,Publisher28
PolitifactNews163,"""I think Donald Trump will go down to history as one of the greatest presidents, just like Reagan.""",http://departedmedia.com/bill-gates-i-think-donald-trump-will-go-down-to-history-as-one-of-the-greatest-presidents-just-like-reagan/,http://departedmedia.com,1.0,PolitiFact_Fake_29,Data2,Publisher44
PolitifactNews164,"Harambe, A Dead Gorilla, Got Over 15,000 Votes For President Of The Unites States",http://dailysnark.com/harambe-dead-gorilla-got-11000-votes-president-unites-states/,http://dailysnark.com,1.0,PolitiFact_Fake_3,Data2,Publisher42
PolitifactNews165,Trump Caught INVESTING in Dakota Pipeline Before Signing It,http://learnprogress.org/trump-caught-investing-pipeline/,http://learnprogress.org,1.0,PolitiFact_Fake_30,Data2,Publisher55
PolitifactNews166,BREAKING Hilary Clinton Filed For Divorce In New York Courts,nan,nan,1.0,PolitiFact_Fake_31,Data2,Publisher28
PolitifactNews167,McCain Blamed For Sabotaging Trump,nan,nan,1.0,PolitiFact_Fake_32,Data2,Publisher28
PolitifactNews168,Radical Muslims in Australia OFFENDED That Their Children Have to Sing the National Anthem -,http://ladylibertysnews.com/muslims-offended-kids-recite-national-anthem-claim-racist-force/,http://ladylibertysnews.com,1.0,PolitiFact_Fake_33,Data2,Publisher54
PolitifactNews169,John Hagee Calls For “Prosecuting Women Who Say God’s Name During Intercourse”,http://uspoln.com/2017/02/07/john-hagee-god-made-lesbians-flat-identified-normal-people-easily-2/,http://uspoln.com,1.0,PolitiFact_Fake_34,Data2,Publisher94
PolitifactNews170,Japanese whaling crew eaten alive by killer whales 16 dead,nan,nan,1.0,PolitiFact_Fake_35,Data2,Publisher28
PolitifactNews171,Target to discontinue sale of Holy Bible,nan,nan,1.0,PolitiFact_Fake_36,Data2,Publisher28
PolitifactNews172,Starbucks Just Placed Trump's Photo on Floor so Every Customer have to Step On It....,http://amposts.com/starbucks-just-placed-trumps-photo-floor-every-customer-step/,http://amposts.com,1.0,PolitiFact_Fake_37,Data2,Publisher31
PolitifactNews173,"Trump Just Gave Every WORKING, LEGAL Man Woman And Child In The USA $612 EACH!",http://departedmedia.com/breaking-trump-just-gave-every-working-legal-man-woman-child-usa-612/?utm_source=dlvr.it&utm_medium=twitter,http://departedmedia.com,1.0,PolitiFact_Fake_38,Data2,Publisher44
PolitifactNews174,“It’s Only A Matter Of Time Before We Can Own Colored People Again” says NRA President Jim Porter,http://blackinsurancenews.com/uncategorized/its-only-a-matter-of-time-before-we-can-own-colored-people-again-says-nra-president-jim-porter/,http://blackinsurancenews.com,1.0,PolitiFact_Fake_39,Data2,Publisher34
PolitifactNews175,The CNN porn scare is how fake news spreads,http://theverge.com/2016/11/25/13748226/cnn-accidentally-airs-porn-fake-news-boston,http://theverge.com,1.0,PolitiFact_Fake_4,Data2,Publisher86
PolitifactNews176,“Nobody Can Blame You For Beating Your Wife If It’s Out Of Love”,http://uspoln.com/2016/11/14/stephen-bannon-nobody-can-blame-beating-wife-love/,http://uspoln.com,1.0,PolitiFact_Fake_40,Data2,Publisher94
PolitifactNews177,BREAKING Trump’s Android Device Believed To Be Source Of Recent White House Leaks,nan,nan,1.0,PolitiFact_Fake_41,Data2,Publisher28
PolitifactNews178,Jimmy Carter ‘Medical Marijuana Cured My Cancer’,nan,nan,1.0,PolitiFact_Fake_42,Data2,Publisher28
PolitifactNews179,MAN PARDONED BY OBAMA 3 MONTHS AGO ARRESTED FOR MURDER,http://undergroundnewsreport.com/the-truth/man-pardoned-obama-2-months-ago-rapes-kills/,http://undergroundnewsreport.com,1.0,PolitiFact_Fake_43,Data2,Publisher87
PolitifactNews180,"Whoopi Goldberg: Navy SEAL Widow was ""Looking for Attention""",http://undergroundnewsreport.com/the-truth/whoopi-goldberg-navy-seal-widow-looking-attention/,http://undergroundnewsreport.com,1.0,PolitiFact_Fake_44,Data2,Publisher87
PolitifactNews181,BREAKING Leaked picture of Obama being dragged before a judge in handcuffs for wiretapping Trump,nan,nan,1.0,PolitiFact_Fake_45,Data2,Publisher28
PolitifactNews182,FBI Issues Warrant For Obama’s Arrest After Confirming Illegal Trump Tower Wiretap – Americas Last Line of Defense,http://thelastlineofdefense.org/breaking-fbi-issues-warrant-for-obamas-arrest-after-confirming-illegal-trump-tower-wiretap/,http://thelastlineofdefense.org,1.0,PolitiFact_Fake_46,Data2,Publisher81
PolitifactNews183,Home,http://uspoln.com/2017/03/17/tom-price-better-budget-cancer-patients-die-quickly/,http://uspoln.com,1.0,PolitiFact_Fake_47,Data2,Publisher94
PolitifactNews184,Snoop Dogg Arrested For Conspiracy After Talking About His ‘Murder Trump’ Video,http://usadailytime.com/justin-snoop-arrested/,http://usadailytime.com,1.0,PolitiFact_Fake_48,Data2,Publisher90
PolitifactNews185,GEORGIA BECOMES FIRST STATE TO BAN MUSLIM CULTURE IN HISTORIC MOVE TO RESTORE WESTERN VALUES!!! – News 4 Everyday,http://news4everyday.com/2017/06/26/georgia-becomes-first-state-to-ban-muslim-culture-in-historic-move-to-restore-western-values/,http://news4everyday.com,1.0,PolitiFact_Fake_49,Data2,Publisher60
PolitifactNews186,Lady Gaga Reveals Plan To Cover Her Face Again “Until Trump Gets Fired From Office And I Feel Free Once More”,http://spinzon.com/lady-gaga-reveals-plan-cover-face-trump-gets-fired-office-feel-free/,http://spinzon.com,1.0,PolitiFact_Fake_5,Data2,Publisher75
PolitifactNews187,President Trump Just Told Paul Ryan ‘You’re Fired’ – Americas Last Line of Defense,http://thelastlineofdefense.org/breaking-president-trump-just-told-paul-ryan-youre-fired/,http://thelastlineofdefense.org,1.0,PolitiFact_Fake_50,Data2,Publisher81
PolitifactNews188,NBC Just Fired Megyn Kelly Before Her New Show Begins,http://uspostman.com/2017/03/nbc-just-fired-megyn-kelly-new-show-begins/,http://uspostman.com,1.0,PolitiFact_Fake_51,Data2,Publisher95
PolitifactNews189,New York Man Wanted For Infecting 240 Men And Women With HIV!!!,http://obnoxioustelevision.com/2013/03/05/new-york-man-wanted-for-infecting-240-men-and-women-with-hiv/,http://obnoxioustelevision.com,1.0,PolitiFact_Fake_52,Data2,Publisher65
PolitifactNews190,"South African firm ordered to lay off 3,389 white employees",http://conservative-headlines.com/2015/03/south-african-firm-ordered-to-lay-off-3389-white-employees/,http://conservative-headlines.com,1.0,PolitiFact_Fake_53,Data2,Publisher102
PolitifactNews191,Colorado Rockies Baseball Team To Sell Marijuana Brownies At Their Concession Stands,http://empiresports.co/colorado-rockies-baseball-team-to-sell-marijuana-brownies-at-their-concession-stands/,http://empiresports.co,1.0,PolitiFact_Fake_54,Data2,Publisher46
PolitifactNews192,New Star Wars Movie Filming Near Rosenberg Texas Large Number of Extras Needed,nan,nan,1.0,PolitiFact_Fake_55,Data2,Publisher28
PolitifactNews193,BREAKING Ken Starr’s Plane Just Disappeared On His Way To DC To Testify Against Hillary,nan,nan,1.0,PolitiFact_Fake_56,Data2,Publisher28
PolitifactNews194,BREAKING Autopsy Results From Vince Foster’s Exhumed Body–Cause Of Death To Be Changed,nan,nan,1.0,PolitiFact_Fake_57,Data2,Publisher28
PolitifactNews195,Doctors Who Discovered Cancer Enzymes In Vaccines All Found Murdered,http://neonnettle.com/videos/473-doctors-who-discovered-cancer-enzymes-in-vaccines-all-found-murdered,http://neonnettle.com,1.0,PolitiFact_Fake_58,Data2,Publisher59
PolitifactNews196,Police Find 19 White Female Bodies In Freezers With “Black Lives Matter” Carved Into Skin,http://viraldevil.com/police-find-19-white-female-bodies-in-freezers-with-black-lives-matter-carved-into-skin/,http://viraldevil.com,1.0,PolitiFact_Fake_59,Data2,Publisher96
PolitifactNews197,BREAKING Florida Moves For FULL RECOUNT Of State Over Massive Voter Fraud DETAILS,nan,nan,1.0,PolitiFact_Fake_6,Data2,Publisher28
PolitifactNews198,2 Liberal Democrat Congressmen Arrested For Planning Trump’s Assassination,http://proudleader.com/2-liberal-democrat-congressmen-arrested-planning-trumps-assassination/,http://proudleader.com,1.0,PolitiFact_Fake_60,Data2,Publisher70
PolitifactNews199,Evangelical Leader Says Those Who Oppose Trump Could Be “Punished” with Gay Child,http://alternativemediasyndicate.com/2017/04/07/evangelical-leader-says-oppose-trump-punished-gay-child-2/,http://alternativemediasyndicate.com,1.0,PolitiFact_Fake_61,Data2,Publisher29
PolitifactNews200,"“If A Woman Is Not Intelligent Enough To Keep Her Legs Closed, How Can We Entrust The Abortion Decision To Her?” – WalkWithHer",http://walkwithher.com/kasich-if-a-woman-is-not-intelligent-enough-to-keep-her-legs-closed-how-can-we-entrust-the-abortion-decision-to-her#,http://walkwithher.com,1.0,PolitiFact_Fake_62,Data2,Publisher97
PolitifactNews201,"Vin Diesel Had This to Say About the Residents of Rockford, Illinois – WBN 12 News",http://wbn12.com/rockford-illinois/vin-diesel-had-this-to-say-about-the-residents-of-rockford-illinois/,http://wbn12.com,1.0,PolitiFact_Fake_63,Data2,Publisher98
PolitifactNews202,Texas law enforcement officer fatally shot upon arriving for work by 3 muslim refugee. Do you support to deport them?,http://usafirstinformation.com/texas-law-enforcement-officer-fatally-shot-upon-arriving-work-3-muslim-refugee-support-deport/,http://usafirstinformation.com,1.0,PolitiFact_Fake_64,Data2,Publisher91
PolitifactNews203,Tampa man loses testicles after trying to 'fill scuba tank with weed smoke',http://floridasunpost.com/tampa-man-loses-testicles-trying-fill-scuba-tank-weed-smoke/,http://floridasunpost.com,1.0,PolitiFact_Fake_65,Data2,Publisher49
PolitifactNews204,United Airlines Flight Attendant Slaps Crying Baby During Flight,http://now8news.com/united-airlines-flight-attendant-slaps-crying-baby/,http://now8news.com,1.0,PolitiFact_Fake_66,Data2,Publisher64
PolitifactNews205,MALIA OBAMA EXPELLED FROM HARVARD,http://thenewyorkevening.com/2017/04/10/breaking-malia-obama-expelled-harvard/,http://thenewyorkevening.com,1.0,PolitiFact_Fake_67,Data2,Publisher83
PolitifactNews206,Trump on Revamping the Military,http://realnewsrightnow.com/2016/04/trump-on-revamping-the-military-were-bringing-back-the-draft/,http://realnewsrightnow.com,1.0,PolitiFact_Fake_68,Data2,Publisher71
PolitifactNews207,Eric Trump ‘My Father’s Tax Return Is Irrelevant Because We’re Going To Cancel Taxes For WEALTHY People Anyway’,nan,nan,1.0,PolitiFact_Fake_69,Data2,Publisher28
PolitifactNews208,ProLifers Declare Ejaculation Is Murder Every Sperm Cell Is A Life,nan,nan,1.0,PolitiFact_Fake_7,Data2,Publisher28
PolitifactNews209,I Love Native Americans,http://ilovenativeamericans.us/2017/04/25/trump-wants-to-deport-american-indians-to-india/,http://ilovenativeamericans.us,1.0,PolitiFact_Fake_70,Data2,Publisher53
PolitifactNews210,Trump warns Russia over Jehovah’s Witnesses ban and urges members to seek asylum in the US,nan,nan,1.0,PolitiFact_Fake_71,Data2,Publisher28
PolitifactNews211,Donald Trump to issue an executive order to ban Facebook across US,nan,nan,1.0,PolitiFact_Fake_72,Data2,Publisher28
PolitifactNews212,BREAKING NEWS Sarah Palin In A Coma After Hit And Run,nan,nan,1.0,PolitiFact_Fake_73,Data2,Publisher28
PolitifactNews213,Conservative Icon Ted Nugent Killed In Hunting Accident – Americas Last Line of Defense,http://thelastlineofdefense.org/ted-nugent-shot-dead-hunting/,http://thelastlineofdefense.org,1.0,PolitiFact_Fake_74,Data2,Publisher81
PolitifactNews214,Lindsey Graham threatens to convert to Democrat if Republicans don’t Dump Trump,nan,nan,1.0,PolitiFact_Fake_75,Data2,Publisher28
PolitifactNews215,Bill O’Reilly In Critical Condition After Being Attacked By ‘Tolerant’ Liberals – News Feed Hunter,http://newsfeedhunter.com/bill-oreilly-in-critical-condition-after-being-attacked-by-tolerant-liberals/,http://newsfeedhunter.com,1.0,PolitiFact_Fake_76,Data2,Publisher63
PolitifactNews216,BREAKING Clinton Foundation Ordered To Cease Operations – Chelsea Charged With Fraud,nan,nan,1.0,PolitiFact_Fake_77,Data2,Publisher28
PolitifactNews217,BREAKING NEWS: Road racing cyclist Lance Armstrong has died,http://fox-news24.com/breaking-news-road-racing-cyclist-lance-armstrong-has-died/,http://fox-news24.com,1.0,PolitiFact_Fake_78,Data2,Publisher103
PolitifactNews218,Fox Star Tucker Carlson In Critical Condition After Head On Collision Driving Home – We Conservative,http://weconservative.com/breaking/breaking-fox-star-tucker-carlson-in-critical-condition-after-head-on-collision-driving-home/,http://weconservative.com,1.0,PolitiFact_Fake_79,Data2,Publisher99
PolitifactNews219,Pence: “Michelle Obama Is The Most Vulgar First Lady We’ve Ever Had”,http://politicono.com/pence-michelle-obama-vulgar-first-lady-weve-ever/,http://politicono.com,1.0,PolitiFact_Fake_8,Data2,Publisher68
PolitifactNews220,FBI Uncovers Evidence That 62 Million Trump Voters are All Russian Agents!,http://uspoliticsinfo.com/2017/05/15/fbi-uncovers-evidence-that-62-million-trump-voters-are-all-russian-agents/,http://uspoliticsinfo.com,1.0,PolitiFact_Fake_80,Data2,Publisher93
PolitifactNews221,JEFFERSON DAVIS STATUE TO BE REPLACED WITH OBAMA LIKENESS,http://tdtalliance.com/jefferson-davis-statue-replaced-obama-likeness/,http://tdtalliance.com,1.0,PolitiFact_Fake_81,Data2,Publisher77
PolitifactNews222,Family's private investigator: There is evidence Seth Rich had contact with WikiLeaks prior to death - Story,http://fox5dc.com/news/local-news/254852337-story,http://fox5dc.com,1.0,PolitiFact_Fake_82,Data2,Publisher50
PolitifactNews223,Donald Trump Praises Colonel Sanders for His Service in the Civil War,http://theredshtick.com/2017/05/02/donald-trump-praises-colonel-sanders-for-his-service-in-the-civil-war/,http://theredshtick.com,1.0,PolitiFact_Fake_83,Data2,Publisher84
PolitifactNews224,"NASA Will Pay You $18,000 To Stay In Bed And Smoke Weed For 70 Straight Days",http://thesolexchange.com/nasa-will-pay-you-18000-to-stay-in-bed-and-smoke-weed-for-70-straight-days/,http://thesolexchange.com,1.0,PolitiFact_Fake_84,Data2,Publisher85
PolitifactNews225,"COMEY KNEW MURDERED DNC STAFFER, SETH RICH, WAS WIKILEAKS SOURCE & COVERED IT UP FOR HILLARY",http://patriotcrier.com/1-6kk-0/,http://patriotcrier.com,1.0,PolitiFact_Fake_85,Data2,Publisher66
PolitifactNews226,"Obama Canceled It, Trump Reinstated It – A Very Sacred Day is Back -",http://theexaminer.site/2017/05/08/obama-canceled-trump-reinstated-sacred-day-back/,http://theexaminer.site,1.0,PolitiFact_Fake_86,Data2,Publisher80
PolitifactNews227,Trump Gives Chaffetz The Thumbs Up For Investigating Hillary Clinton's Email Server,http://federalisttribune.com/2017/05/10/trump-gives-chaffetz-thumbs-investigating-hillary-clintons-email-server/,http://federalisttribune.com,1.0,PolitiFact_Fake_87,Data2,Publisher48
PolitifactNews228,“Rape Victims Should Be In Custody If There Is Suspicion That They’re Planning Abortion”,http://uspoln.com/2017/05/23/rubio-rape-victims-custody-suspicion-theyre-planning-abortion/,http://uspoln.com,1.0,PolitiFact_Fake_88,Data2,Publisher94
PolitifactNews229,Monica Lewinsky Found Dead In Roslindale – Freedum Junkshun,http://freedomcrossroads.us/breaking-monica-lewinsky-found-dead-in-roslindale/,http://freedomcrossroads.us,1.0,PolitiFact_Fake_89,Data2,Publisher51
PolitifactNews230,Sarah Palin Calls To Boycott Mall Of America Because “Santa Was Always White In The Bible”,http://politicono.com/palin-calls-boycott-mall-america-santa-always-white-bible/,http://politicono.com,1.0,PolitiFact_Fake_9,Data2,Publisher68
PolitifactNews231,Trump Removing Marines From the Navy,http://blog.veterantv.net/trump-removing-marines-from-the-navy,http://blog.veterantv.net,1.0,PolitiFact_Fake_90,Data2,Publisher35
PolitifactNews232,Edward Snowden: Osama Bin Laden is Still Alive Living in the Bahamas,http://antinews.in/edward-snowden-osama-bin-laden-still-alive-living-bahamas/,http://antinews.in,1.0,PolitiFact_Fake_91,Data2,Publisher32
PolitifactNews233,Keanu Reeves Shock The World With Another Powerful Message,http://bestthings.us/keanu-reeves-shock-the-world-with-another-powerful-message/,http://bestthings.us,1.0,PolitiFact_Fake_92,Data2,Publisher33
PolitifactNews234,The DEA Just Raided A United States Senator–Dems In A Panic – News Feed Hunter,http://newsfeedhunter.com/the-dea-just-raided-a-united-states-senator-dems-in-a-panic/,http://newsfeedhunter.com,1.0,PolitiFact_Fake_93,Data2,Publisher63
PolitifactNews235,NASA Confirms Earth Will Experience 15 Days Of Darkness In November 2017,nan,nan,1.0,PolitiFact_Fake_94,Data2,Publisher28
PolitifactNews236,Democrat Maxine Waters Has Shown Up To Only 10% Of Congressional Meetings For 35 YEARS,http://teddystick.com/democrat-maxine-waters-has-shown-up-to-only-10-of-congressional-meetings-for-35-years/,http://teddystick.com,1.0,PolitiFact_Fake_95,Data2,Publisher78
PolitifactNews237,"Liberal Women Hate Me Because Of My ""Striking Beauty And Intellect"", Says Kellyanne Conway",http://londonwebnews.com/2017/06/01/liberal-women-hate-me-because-of-my-striking-beauty-and-intellect-says-kellyanne-conway/,http://londonwebnews.com,1.0,PolitiFact_Fake_96,Data2,Publisher57
PolitifactNews238,Cannibals Arrested in Florida Claim Eating Human Flesh Cures Diabetes and Depression,http://themiamigazette.com/cannibals-arrested-florida-claim-eating-human-flesh-cures-diabetes-depression/,http://themiamigazette.com,1.0,PolitiFact_Fake_97,Data2,Publisher82
PolitifactNews239,Libtard Hero Al Franken Forced To Resign In Disgrace,http://breakingtop.world/2017/06/15/libtard-hero-al-franken-forced-resign-disgrace/,http://breakingtop.world,1.0,PolitiFact_Fake_98,Data2,Publisher37
PolitifactNews240,Chinese Lunar Rover Finds No Evidence Of American Moon Landings!,http://antinews.in/chinese-lunar-rover-finds-no-evidence-american-moon-landings/,http://antinews.in,1.0,PolitiFact_Fake_99,Data2,Publisher32
